Title,Author,Genre,Subject,Summary
100 Bugs!: A Counting Book,Kate Narita (illustrated by Suzanne Kaufman),Children's Picture Book,"Counting, Skip Counting, Insects","Two children spend a summer day roaming fields and gardens finding bugs in groups of ten, adding their way to 100 in rhyming verse while introducing damselflies, walking sticks, katydids and other real insects."
1001 Bugs to Spot,Emma Helbrough (Usborne),Children's Search-and-Find,"Insects, Counting",Busy insect-filled scenes with a thousand and one bugs to hunt down and count.
1001 Pirate Things to Spot,"Rob Lloyd Jones (illustrated by Teri Gower, Usborne)",Children's Search-and-Find,"Pirates, Counting","Pirate ports, ships and treasure islands crowded with things to find."
1001 Things to Spot in the Sea,Katie Daynes (Usborne),Children's Search-and-Find,"Ocean, Marine Life, Counting",Undersea scenes packed with creatures and objects to search out and tally.
101 Awesome Women Who Changed Our World,Julia Adams (illustrated by Louise Wright),Children's Nonfiction / Biography,"Women's History, Biography","Short illustrated profiles of 101 women whose work reshaped science, politics, art, sport and society."
11 Experiments That Failed,Jenny Offill (illustrated by Nancy Carpenter),Children's Picture Book,"Science, Humor, Experiments",A young scientist runs eleven rigorously documented and entirely disastrous household experiments.
1984,George Orwell,Dystopian Fiction,"Totalitarianism, Surveillance, Language","Winston Smith rewrites history for the Party and tries, briefly, to think and love outside its reach. Orwell's 1949 novel of total surveillance."
200 Bird Songs from Around the World,Les Beletsky,Illustrated Nonfiction / Audio Book,"Birdsong, Ornithology, World Birds","Two hundred bird species from six continents, each with a painted portrait, a short description, and a recording playable on the book's built-in audio player. Audio from the Macaulay Library at the Cornell Lab of Ornithology."
"437 Edible Wild Plants of the Rocky Mountain West: Berries, Roots, Nuts, Greens, Flowers, and Seeds",Caleb Warnock,Field Guide,"Foraging, Edible Plants, Rocky Mountain West","A regional foraging reference covering hundreds of edible wild berries, roots, nuts, greens, flowers, and seeds of the Rocky Mountain West, with notes on identification and use."
50 Adventures in the 50 States,Kate Siber (illustrated by Chris Turnham),Children's Nonfiction,"US Geography, Outdoor Adventure",One outdoor adventure for every state — from kayaking to caving to dogsledding — with illustrated scenes and practical detail about each place.
59 Illustrated National Parks,Joel Anderson & Nathan Anderson,Illustrated Nonfiction / Art,"National Parks, Poster Art",Vintage-style illustrated posters for each US national park with notes on what makes each one distinct. Expanded edition.
A Big Guy Took My Ball!,Mo Willems,Children's Early Reader (Elephant & Piggie series),"Fairness, Size, Perspective","Piggie's big ball is snatched by a much bigger whale, and Gerald storms off to help — only to find the story looks different from the big guy's side."
A Brief History of the Vikings,Jonathan Clements,Nonfiction / History,"Vikings, Scandinavia, Raids and Settlement",A compact narrative history of the Norse from the first raids through settlement and the end of the Viking age.
A Child Through Time,Phil Wilkinson,Children's Nonfiction,"World History, Childhood","The history of the world told through the daily lives of thirty children, from the Stone Age to World War II, each with their own illustrated profile."
A Child's Introduction to African American History,Jabari Asim (illustrated by Lynn Gaines),Children's Nonfiction,African American History,"A survey of African American history from its African roots through slavery, emancipation, the civil rights era and the present, with profiles and activities."
A Child's Introduction to Art,Heather Alexander,Children's Nonfiction / Art History,"Art History, Artists","An illustrated survey of great artists and movements, with activities and close looks at famous paintings."
A Child's Introduction to the Night Sky,Michael Driscoll (illustrated by Meredith Hamilton),Children's Nonfiction,"Astronomy, Constellations","An illustrated beginner's guide to stars, planets and constellations, with the myths behind them and tips for observing."
A Child's Seasonal Treasury,Betty Jones,Anthology / Waldorf Curriculum,"Seasons, Songs, Verses, Crafts","A year's worth of songs, verses, finger plays, recipes and crafts arranged by season, from the Waldorf Early Childhood Association of North America."
A Christmas Carol,Charles Dickens,Illustrated Classic,"Christmas, Redemption, Victorian England",Scrooge is visited by three spirits in a single night. A vintage cloth-bound edition.
A City Through Time,Philip Steele (illustrated by Steve Noon),Children's Nonfiction,"History, Urban Development","Detailed cutaway illustrations show one city site evolving from a Greek settlement through Roman, medieval and industrial eras to a modern metropolis."
A Clash of Kings,George R.R. Martin,Fantasy,"Westeros, Civil War, Dynasty",Five kings contest the Iron Throne while a comet burns overhead. Second of A Song of Ice and Fire.
A Court of Frost and Starlight,Sarah J. Maas,Fantasy / Romance,"Faeries, Winter Solstice, Aftermath",A shorter interlude following the Night Court through the first winter solstice after the war. Bridges the main series and A Court of Silver Flames.
A Court of Mist and Fury,Sarah J. Maas,Fantasy / Romance,"Faeries, Romance, Courts",Feyre struggles with the aftermath of the trials Under the Mountain and is drawn into the Night Court's bargain. Second in the A Court of Thorns and Roses series.
A Court of Silver Flames,Sarah J. Maas,Fantasy / Romance,"Faeries, Trauma, Romance","Nesta Archeron is sent to the House of Wind to train, and has to face what the war made of her. The series turns to Feyre's sister as protagonist."
A Court of Thorns and Roses,Sarah J. Maas,Fantasy / Romance,"Faeries, Romance, Beauty and the Beast",A huntress kills a faerie wolf and is taken across the wall into the faerie lands as payment. First book of Maas's bestselling romantasy series.
A Court of Wings and Ruin,Sarah J. Maas,Fantasy / Romance,"Faeries, War, Courts",Feyre returns to the Spring Court as a spy while the faerie courts brace for invasion. Third in the A Court of Thorns and Roses series.
A Dance with Dragons,George R.R. Martin,Fantasy,"Westeros, Meereen, Dragons","Runs in parallel with A Feast for Crows, following Jon at the Wall, Tyrion in exile, and Daenerys in Meereen. Fifth of A Song of Ice and Fire. (Two copies on hand: one in the boxed set, one separate hardcover.)"
A Day Full of Song: Work Songs from a Waldorf Kindergarten,Karen Lonsky (illustrated by Victoria Sander),Songbook / Waldorf Curriculum,"Music, Kindergarten, Pentatonic Songs","Forty original songs in the mood of the fifth, written to accompany the rhythms of a Waldorf kindergarten day — baking, tidying, gardening and rest."
"A Day in the Life of a Poo, a Gnu and You",Mike Barfield (illustrated by Jess Bradley),Children's Nonfiction / Comics,"Science, Humor, Biology","Comic-strip days in the life of everything from a dust mite to a raindrop to a black hole, packed with science."
A Feast for Crows,George R.R. Martin,Fantasy,"Westeros, Aftermath, Dynasty","The war winds down and the survivors reckon with what it cost, in King's Landing, Dorne, and the Iron Islands. Fourth of A Song of Ice and Fire."
A Game of Thrones,George R.R. Martin,Fantasy,"Westeros, Politics, Dynasty",The Stark family is drawn south into the deadly politics of King's Landing as winter approaches. First of A Song of Ice and Fire; part of a boxed set.
A Good Girl's Guide to Murder,Holly Jackson,Young Adult Mystery,"True Crime, Investigation, Small Town",Pip reopens a closed murder case for her senior capstone project and finds the town's accepted story doesn't hold. First of the trilogy.
A Journey Through Time in Verse and Rhyme,Heather Thomas,Poetry Anthology / Waldorf Curriculum,"Poetry, Seasons, Recitation","Verses and poems arranged to accompany the child's journey through the grades and the turning year, a staple of Waldorf recitation."
A Kiss for Little Bear,Else Holmelund Minarik (illustrated by Maurice Sendak),Early Reader / I Can Read,"Family, Friendship, Bears","Little Bear sends a picture to Grandmother, and her kiss travels back to him passed hen to frog to cat to skunk — with a wedding breaking out along the way."
A Light in the Attic,Shel Silverstein,Children's Poetry,"Humor, Poetry, Imagination","Silverstein's collection of odd, funny and occasionally unsettling poems and line drawings."
A Little Bit of Dirt,Asia Citro,Activity Book,"Nature Play, Crafts, Science","Fifty-five science and art activities using mud, seeds, sticks and other outdoor materials."
A Little History of the World,E.H. Gombrich,Nonfiction / History,"World History, Narrative History, Young Readers","Gombrich's forty short chapters carrying a reader from prehistory to the twentieth century, written for children and read widely by adults."
A Storm of Swords,George R.R. Martin,Fantasy,"Westeros, Betrayal, Dynasty","Alliances collapse in the war of the five kings, at a wedding and after. Third of A Song of Ice and Fire."
A Study in Drowning,Ava Reid,Young Adult Fantasy,"Gothic, Academia, Folklore","An architecture student wins a competition to redesign a dead author's crumbling seaside house, and finds the story behind his masterwork is not what it seems. Gothic dark academia."
A Travel Guide to the Middle Ages: The World Through Medieval Eyes,Anthony Bale,Nonfiction / History,"Medieval Travel, Pilgrimage, Geography","Reconstructs medieval journeys from the accounts of the people who made them, from Jerusalem pilgrimages to trade routes east. History written as an itinerary."
A Wolf Called Fire,Rosanne Parry (illustrated by Monica Armino),Children's Chapter Book / Nature,"Wolves, Yellowstone, Survival","A young wolf driven from his pack must learn to hunt, read the land, and find his place. Part of Parry's Voice of the Wilderness series."
A Wonder Book: Heroes and Monsters of Greek Mythology,Nathaniel Hawthorne,Children's Anthology,"Greek Mythology, Classic Literature","Hawthorne's nineteenth-century retellings of the Gorgon's head, the golden touch, the Chimaera and other Greek myths for children."
A World Full of Animal Stories,Angela McAllister (illustrated by Aitch),Children's Anthology,"Animal Folklore, World Cultures","Fifty animal myths, fables and folktales from around the world, brightly illustrated."
A Yankee's Adventures in South Africa,Simpson,Nonfiction / Travel,"South Africa, Boer War Era, Vintage Travel","A turn-of-the-century American traveler's account of South Africa, published by Thos. W. Jackson Pub. Co. Only the surname is legible on the spine -- worth checking the title page."
A Year Full of Stories,Angela McAllister (illustrated by Christopher Corr),Children's Anthology,"World Folklore, Seasons, Festivals","Fifty-two folktales and myths, one for each week of the year, tied to festivals and seasons from cultures worldwide."
A Young People's History of the United States,Howard Zinn (adapted by Rebecca Stefoff),Young Adult Nonfiction / History,"American History, Labor, Dissent","Zinn's A People's History adapted for younger readers, telling US history from the perspective of workers, Indigenous peoples, enslaved people, and other groups often left out of textbooks."
Aani and the Tree Huggers,Jeannine Atkins (illustrated by Venantius J. Pinto),Children's Picture Book,"Environmentalism, India, Chipko Movement","Based on India's Chipko movement: a village girl throws her arms around a tree to stop the loggers, and the women of her village follow."
Abe Lincoln's Yarns and Stories,Alexander K. McClure,Nonfiction / Humor,"Abraham Lincoln, Anecdotes, Americana","A late-nineteenth-century collection of Lincoln's jokes, yarns, and anecdotes, illustrated throughout. Antique cloth binding, worn."
Active Arithmetic!,Henning Andersen,Education / Teaching Guide,"Waldorf Education, Math Pedagogy","A practical handbook for teaching mathematics through movement in the lower grades of a Waldorf school, with clapping, stepping, rhythm and circle-game exercises that let children experience number and arithmetic bodily before working abstractly."
Adventures in Cartooning,"James Sturm, Andrew Arnold & Alexis Frederick-Frost",Children's Graphic Novel / Instructional,"Cartooning, Comics, Drawing","A knight-and-dragon quest that doubles as a comics-making lesson, teaching panels, pacing and character as the story unfolds."
Aesop's Illustrated Fables,Aesop,Folktale Anthology,"Fables, Morals, Illustrated Classic","A decorative gift edition of Aesop's fables with illustrations, gathering the fox, the crow, the tortoise, and hundreds of their companions."
African Tales: A Barefoot Collection,Gcina Mhlophe (illustrated by Rachel Griffin),Children's Anthology,"African Folklore, Storytelling","Folktales gathered from across the African continent, retold by a South African storyteller with notes on their origins."
After the Fall: How Humpty Dumpty Got Back Up Again,Dan Santat,Children's Picture Book,"Fear, Resilience, Fairy Tales","What happened to Humpty Dumpty after the fall: a story about fear of heights, slow recovery, and a surprising transformation at the top of the wall."
After World,Debbie Urbanski,Science Fiction,"Extinction, AI Narrator, Rewilding","The last human on a deliberately depopulated Earth is documented by the AI assigned to record her, in a novel assembled from logs, transcripts, and story fragments."
Alcatraz vs. the Evil Librarians,Brandon Sanderson,Children's Chapter Book / Fantasy,"Humor, Conspiracy, Libraries","Alcatraz Smedry discovers his talent for breaking things is a family power, and that librarians secretly rule the world. A comic middle-grade fantasy narrated by an unreliable hero."
Alice's Adventures in Wonderland & Through the Looking-Glass,Lewis Carroll,Illustrated Classic,"Nonsense, Dreams, Victorian England","Both Alice books in one vintage volume, from the rabbit hole to the looking-glass chessboard."
All About Homophones,Marie Rippel,Teaching Guide / Workbook,"Homophones, Spelling, Vocabulary","A complete homophone tool kit for grades 1–8 with graphic organizers, 101 worksheets, games and activities covering hundreds of sound-alike word pairs."
All About Mermaids,Izzy Quinn (illustrated by Vlad Stankovic),Children's Nonfiction / Folklore,"Mermaids, Myth and Legend","An illustrated compendium of mermaid lore from cultures around the world, covering legends, sightings and the sea creatures behind the stories."
All Creatures Great and Small / All Things Bright and Beautiful,James Herriot,Memoir,"Veterinary Medicine, Yorkshire, Rural Life","Herriot's Yorkshire veterinary memoirs, warm and funny and full of farmers and livestock. This is the two-volumes-in-one omnibus edition."
Allegiant,Veronica Roth,Young Adult Dystopian Fiction,"Factions, Truth, Sacrifice",Tris and Tobias go beyond the fence and learn what the faction experiment was for. Final book of the Divergent trilogy.
Alone with You in the Ether,Olivie Blake,Literary Fiction / Romance,"Mental Illness, Art and Physics, Chicago",Two people meet in a Chicago museum and fall into a relationship shaped by bipolar disorder and obsessive thought. A character study rather than a conventional romance.
Amazing Bees,National Geographic / Step into Reading,Early Reader Nonfiction,"Bees, Insects, Pollination","A beginning reader on how bees live, work the hive and pollinate the plants we depend on."
Amazing True Facts,Parragon,Children's Nonfiction,"Trivia, General Knowledge","Thousands of freaky, gross and unbelievable true facts about the body, space, animals, history and science, in short photo-illustrated bursts."
An Anthology of Intriguing Animals,DK,Children's Reference / Illustrated Anthology,"Animals, Natural History","A gilt-covered illustrated compendium profiling animals from across the animal kingdom, mixing natural history facts with detailed artwork."
An Echo of Things to Come,James Islington,Fantasy,"Prophecy, Magic, Time","The Boundary weakens while Davian, Asha, and Wirr each face what their roles demand. Second of the Licanius Trilogy."
Ancient Civilizations,Simon & Schuster,Children's Reference,Ancient History,An illustrated reference on the great ancient civilizations and what archaeology has revealed about them.
Ancient Forests,Margaret Anderson & Nancy Stephenson,Children's Nonfiction,"Forests, Old Growth, Ecology",A Dog-Eared Publications guide to old-growth forest ecology with activities and illustrations.
"Ancient Greece for Kids: Through the Lives of Its Philosophers, Lawmakers, and Heroes",Catherine Fet,Children's Nonfiction / History,"Ancient Greece, Biography","Twenty figures from Homer and Aesop to Socrates, Alexander and Archimedes, retold from Herodotus, Plutarch and other ancient sources as short story-based chapters for ages 8–14."
Ancient Mythologies,Charles Kovacs,Teaching Guide / Waldorf Curriculum,"Mythology, Ancient Cultures, Waldorf","A Waldorf class teacher's retellings of Indian, Persian, Mesopotamian and Egyptian myth, prepared for the fifth-grade ancient civilizations block."
Ancient Romans Sticker Book,Sticker History,Children's Activity Book,"Ancient Rome, Stickers",A sticker-history book for dressing and populating scenes of Roman life.
"Ancient Rome for Kids: Through the Lives of Its Heroes, Emperors, and Philosophers",Catherine Fet,Children's Nonfiction / History,"Ancient Rome, Biography","Roman history through the anecdotes and lives of its heroes, emperors and thinkers, in the same story-first format as the author's Greece volume."
Angels & Demons,Dan Brown,Thriller,"Vatican, Symbology, Conspiracy",Robert Langdon races through Rome to stop an Illuminati plot against the Vatican during a papal conclave. The first Langdon novel.
Anh's Anger,Gail Silver (illustrated by Christiane Krömer),Children's Picture Book,"Anger, Mindfulness","Sent to his room in a rage, Anh meets his anger as a shaggy red creature and learns from his grandfather to sit with the feeling and breathe until it passes."
Any Room for Me?,Loek Koopmans,Children's Picture Book / Folktale,"Folktales, Sharing, Animals","A retelling of the mitten-style folktale in which one animal after another squeezes into a small shelter, until it can hold no more."
"Archers, Alchemists, and 98 Other Medieval Jobs You Might Have Loved or Loathed",Priscilla Galloway,Children's Nonfiction,"Medieval History, Occupations","One hundred medieval occupations described with their pay, prospects and unpleasantness, from falconer to gong farmer."
Are You Ready to Play Outside?,Mo Willems,Children's Early Reader (Elephant & Piggie series),"Weather, Optimism, Friendship",Rain spoils Piggie's plans for a perfect day outside until two worms show her how much fun a downpour can be.
Art Lab for Little Kids: 52 Playful Projects for Preschoolers,Susan Schwake,Activity Book,"Art Projects, Preschool","Fifty-two open-ended art projects for young children, organized by medium and inspired by contemporary artists."
Artemis Fowl,Eoin Colfer,Children's Chapter Book / Fantasy,"Fairies, Heist, Technology",A twelve-year-old criminal mastermind kidnaps a fairy officer for ransom and discovers the fairies fight back with technology. First in the Artemis Fowl series.
Arthur and the Golden Rope,Joe Todd-Stanton,Children's Picture Book / Graphic,"Norse Mythology, Adventure","A Brownstone family adventure: small, bookish Arthur travels to the frozen north to fetch a golden rope and bind the wolf Fenrir, saving his village's fire."
Atlas of Adventures,Rachel Williams (illustrated by Lucy Letherland),Children's Nonfiction / Atlas,"Travel, World Geography, Adventure","A large-format illustrated atlas of extraordinary experiences around the world, from tomato fights to whale watching, organized by continent."
"Autumn: Poems, Songs and Stories",Wynstones Press,Children's Anthology / Waldorf Curriculum,"Autumn, Seasonal Verse, Waldorf Festivals","Verses, songs, and stories for the autumn season, including Michaelmas and harvest material. Part of the Wynstones seasonal series."
Baby's Black & White Contrast Book,Tabitha Paige,Children's Board Book,"Infants, High Contrast, Visual Development","An accordion-fold board book of black-and-white watercolor animal paintings designed for newborn visual development. It stands upright on its own, which makes it useful during tummy time."
Bad Badger: A Love Story,Maryrose Wood,Children's Chapter Book,"Badgers, Friendship, Belonging","A badger who inexplicably loves the sea, and the seagull who befriends him, work out where he belongs. A short, odd, tender novel."
"Basic Structures, Book 2: French — A Reader for The Learnables, Book 2",Hélène Germain-Simões & Harris Winitz,Language Instruction,"French, Reading, Comprehensible Input","A second-level French reader accompanying The Learnables, building grammar and vocabulary through comprehensible reading rather than drill. Second edition."
Bat Loves the Night,Nicola Davies (illustrated by Sarah Fox-Davies),Children's Nonfiction Picture Book,"Bats, Echolocation, Night","A pipistrelle bat wakes at dusk, hunts moths by echolocation through the dark, and returns at dawn to feed her baby, told in lyrical narrative with factual notes running alongside. Part of the Read and Wonder series."
Be Glad Your Nose Is on Your Face and Other Poems,Jack Prelutsky (illustrated by Brandon Dorman),Children's Poetry,"Humor, Poetry","A career-spanning collection of Prelutsky's funniest verse, full of absurd creatures, misbehaving children and wordplay."
Bea Wolf,Zach Weinersmith (illustrated by Boulet),Children's Graphic Novel,"Beowulf, Parody, Treehouse",Beowulf retold as a neighborhood epic in which a fearsome child-hero defends a treehouse from a joy-killing grown-up. Written in alliterative Old English meter.
Beast Academy Level 1A Guide & Practice,Jason Batterson (Art of Problem Solving),Children's Math Curriculum / Comics,"Mathematics, Problem Solving","Comic-book math instruction with a matched practice book, covering the first level of the Beast Academy sequence."
Beast Academy Level 2A Guide,Jason Batterson & Kyle Guillet (Art of Problem Solving),Children's Math Curriculum / Comics,"Mathematics, Problem Solving",Comic-format math lessons for level 2A of Beast Academy.
Beast Academy Level 2B Guide & Practice,"Jason Batterson, Kyle Guillet & Chris Page (Art of Problem Solving)",Children's Math Curriculum / Comics,"Mathematics, Problem Solving",Level 2B guide and practice volumes from the Beast Academy comic math series.
Beast Academy Level 2C Guide & Practice,Jason Batterson & Erich Owen (Art of Problem Solving),Children's Math Curriculum / Comics,"Mathematics, Problem Solving",Level 2C guide and practice volumes from the Beast Academy comic math series.
Beast Academy Level 2D Guide & Practice,Jason Batterson & Erich Owen (Art of Problem Solving),Children's Math Curriculum / Comics,"Mathematics, Problem Solving",Level 2D guide and practice volumes from the Beast Academy comic math series.
Beast Academy Puzzles 2,Art of Problem Solving,Children's Math Puzzles,"Mathematics, Puzzles",A puzzle companion to the level 2 Beast Academy books.
Beast Academy Puzzles 3,Art of Problem Solving,Children's Math Puzzles,"Mathematics, Puzzles",A puzzle companion to the level 3 Beast Academy books.
Beautiful Botanical Embroidery,C&B Crafts,Craft Instruction,"Embroidery, Botanical Design","Botanical embroidery patterns and stitch instruction for flowers, leaves and plants."
Bedtime Math: This Time It's Personal,Laura Overdeck,Children's Nonfiction,"Mathematics, Daily Practice","Short nightly math problems built around funny real-world scenarios, with a difficulty level for every age."
Beginning Beekeeping,Tanya Phillips,Reference,"Beekeeping, Beginners, Hive Management","A first-year guide to setting up and keeping a hive, from equipment through the first honey harvest."
Behind the Legend: Dragons,Erin Peabody (art by Victor Rivas),Children's Nonfiction / Folklore,"Dragons, Myth vs. Fact, Cryptids","Traces dragon legends across cultures and weighs the evidence behind them, inviting young readers to decide what's fact and what's fiction. Part of the Behind the Legend series."
Beyond the Rainbow Bridge: Nurturing Our Children from Birth to Seven,Barbara J. Patterson & Pamela Bradley,Nonfiction / Parenting / Waldorf,"Early Childhood, Rhythm, Waldorf","A Waldorf kindergarten teacher's guidance on rhythm, play, discipline, and the senses in the first seven years."
Billy and the Minpins,Roald Dahl,Children's Chapter Book,"Forest, Tiny People, Monsters","Billy disobeys and walks into the Forest of Sin, where he meets the tiny tree-dwelling Minpins and the Gruncher that hunts them. Reissue of The Minpins, illustrated by Quentin Blake."
Birds of Prey Coloring Book,Dover Publications,Coloring Book,"Birds of Prey, Natural History","Accurate line drawings of hawks, eagles, owls and falcons to color, with identification notes."
Biscuit in the Garden,Alyssa Satin Capucilli (illustrated by Pat Schories),Early Reader / My First I Can Read,"Dogs, Gardens, Spring",The little yellow puppy Biscuit discovers everything growing and crawling in the spring garden.
Blood Bound,Ellis Hunter,Fantasy / Romance,"Dragons, Witches, Duels","Two heirs are bound by an ancient covenant to duel to the death for control of the source of all magic. First of the Cursed Covenant trilogy, written by a two-author duo under one pen name."
Blood Moon,Britney S. Lewis,Young Adult Fantasy / Horror,"Vampires, Grief, Romance","A grieving teenager is drawn to a boy who may not be human, in a dark contemporary fantasy."
Blue Lock Vol. 1,Muneyuki Kaneshiro (art by Yusuke Nomura),Manga,"Soccer, Competition, Sports",Three hundred strikers are locked in a facility to produce Japan's ultimate egoist forward. First volume.
Blue Lock Vol. 2,Muneyuki Kaneshiro (art by Yusuke Nomura),Manga,"Soccer, Competition, Sports",The elimination games inside Blue Lock continue. Second volume.
Blue Lock Vol. 3,Muneyuki Kaneshiro (art by Yusuke Nomura),Manga,"Soccer, Competition, Sports",The elimination games inside Blue Lock continue. Third volume.
Bluey: All About Bingo,Penguin Young Readers Licenses,Children's Board Book,"Bluey, Family, Television Tie-In","A Bingo-shaped board book based on the animated series Bluey, introducing Bluey's little sister and the things she likes to do. Covers her favorite outdoor games, singing, and bedtime routines."
Botany,Charles Kovacs,Teaching Guide / Waldorf Curriculum,"Botany, Waldorf Pedagogy","A Waldorf class teacher's approach to the fifth-grade botany block, presenting plant kingdoms in relation to the developing child."
Botany for the Artist,Sarah Simblet,Art Instruction,"Botanical Drawing, Plants","A guide to drawing plants accurately, combining botanical structure with drawing technique and photographic reference."
Boy: Tales of Childhood,Roald Dahl,Memoir,"Childhood, Boarding School, Wales","Dahl's memoir of a Welsh-Norwegian childhood, English boarding schools, and the caning, sweetshops, and holidays in between."
Braiding Sweetgrass for Young Adults,"Robin Wall Kimmerer (adapted by Monique Gray Smith, illustrated by Nicole Neidhardt)",Young Adult Nonfiction / Nature,"Indigenous Knowledge, Botany, Reciprocity",The young-adult adaptation of Kimmerer's essays braiding Potawatomi teachings with plant science and personal history.
Brain Boosters: Math Puzzles,Arcturus,Children's Puzzle Book,"Mathematics, Puzzles",Number and logic puzzles designed to stretch mathematical thinking.
Brave New World,Aldous Huxley,Dystopian Fiction,"Conditioning, Pleasure, Dystopia",A society engineered for stability and contentment is disturbed by a man raised outside it. Huxley's 1932 novel.
Braving the Wilderness: The Quest for True Belonging and the Courage to Stand Alone,Brene Brown,Nonfiction / Psychology,"Belonging, Courage, Connection","Brown argues that true belonging requires the willingness to stand alone, and looks at what polarization does to connection. Drawn from her research on vulnerability and shame."
Breathe Like a Bear,Kira Willey (illustrated by Anni Betts),Children's Picture Book,"Mindfulness, Breathing, Emotional Regulation","Thirty short mindfulness exercises for children — breathing, movement, focus and relaxation — each modeled on an animal or natural image and grouped for use anytime and anywhere."
Bringing Down the Moon,Jonathan Emmett (illustrated by Vanessa Cabban),Children's Picture Book,"Nature, Wonder, Perspective","Mole is enchanted by the moon and tries every way he can think of to bring it down, learning that some beautiful things are best left where they are."
"Brown Bear, Brown Bear, What Do You See?",Bill Martin Jr. (pictures by Eric Carle),Children's Picture Book,"Colors, Animals, Rhyme","The classic call-and-response rhyme in which each brightly colored animal sees the next, ending with the children and their teacher."
Buddha at Bedtime,Dharmachari Nagaraja,Children's Anthology,"Buddhism, Bedtime Stories, Values","Twenty gentle tales adapted from Buddhist teaching stories, each with a short reflection for winding down at bedtime."
Bugs from Head to Tail,Stacey Roderick,Children's Picture Book,"Insects, Guessing Game","A guessing game of insect body parts, revealing each bug after a close-up clue."
Build the Solar System,Various,Children's Nonfiction / Model Kit,"Solar System, Astronomy",A 32-page book packaged with 27 model pieces for assembling a three-dimensional solar system.
Build Your Own Chain Reaction Machines,Paul Long,Children's Activity Book,"Engineering, Physics, Rube Goldberg","Instructions for building chain-reaction contraptions from household objects, with the physics behind each stage."
Build-A-Bug,Various,Children's Novelty / Nonfiction,"Insects, Anatomy","An interactive look at insect anatomy, assembling bugs part by part to show how each piece works."
"Building Foundations of Scientific Understanding, Vol. 1","Bernard J. Nebel, Ph.D.",Teaching Guide / Curriculum,"Science Curriculum, Elementary","A K–2 science curriculum built as a logical progression of lessons in matter, life, energy and earth science."
Call Me by Your Name,Andre Aciman,Literary Fiction,"Italy, First Love, Memory","A summer romance between a seventeen-year-old and his father's visiting graduate student on the Italian Riviera, remembered decades later."
"Camilla, Cartographer",Julie Dillemuth (illustrated by Laura Wood),Children's Picture Book,"Maps, Problem Solving",Camilla the piglet uses her old maps and her own map-making skills to find a way through the snow with her friend Parsley.
Can I Play Too?,Mo Willems,Children's Early Reader (Elephant & Piggie series),"Inclusion, Problem Solving, Friendship","A snake with no arms asks to join Gerald and Piggie's game of catch, and the three invent a way for everyone to play."
Can You Hear the Trees Talking?,Peter Wohlleben,Children's Nonfiction,"Trees, Forests, Ecology","The children's adaptation of The Hidden Life of Trees, on how trees communicate, cooperate and care for their young."
Catching Fire,Suzanne Collins,Young Adult Dystopian Fiction,"Hunger Games, Rebellion, Survival","Katniss's survival becomes a spark, and the Quarter Quell drags her back into the arena. Second in The Hunger Games trilogy."
Cats & Kittens Coloring Book,Veronica Hue,Coloring Book,"Cats, Coloring",Detailed cat and kitten illustrations to color.
Cece Loves Science,Kimberly Derting & Shelli R. Johannes,Children's Picture Book,"Science, Experiments, Curiosity","Cece and her friend run a real experiment to find out whether her dog will eat vegetables, learning the scientific method along the way."
Celtic Gods and Heroes,Marie-Louise Sjoestedt,Mythology Reference,"Celtic Mythology, Folklore","A scholarly study of the Celtic pantheon and heroic tradition, covering the gods of the tribe, the territory and the arts."
Celtic Tree Rituals,Sharlyn Hidalgo,Nonfiction / Folklore,"Ogham, Trees, Celtic Tradition","Rituals and lore for the trees of the ogham alphabet, month by month through the Celtic tree calendar."
Chandra's Magic Light,Theresa Heine (illustrated by Judith Gueyfier),Children's Picture Book,"Nepal, Solar Energy, Family","Two sisters in Kathmandu save to buy a solar lamp so their family can stop burning smoky kerosene, in a story about ingenuity and clean light."
Charles Darwin's Around-the-World Adventure,Jennifer Thermes,Children's Nonfiction / Biography,"Darwin, Exploration, Natural History",A mapped account of the five-year Beagle voyage and the observations that led Darwin toward his theory.
Charlie and the Chocolate Factory,Roald Dahl,Children's Chapter Book,"Chocolate Factory, Golden Ticket, Poetic Justice","Charlie Bucket wins one of five golden tickets into Willy Wonka's factory, where four other children get exactly what they deserve."
Charlie and the Great Glass Elevator,Roald Dahl,Children's Chapter Book,"Space, Sequel, Elevator",The Bucket family shoots into orbit in the Great Glass Elevator and runs into the Vermicious Knids. Sequel to Charlie and the Chocolate Factory.
Children of Ragnarok,Cinda Williams Chima,Young Adult Fantasy,"Norse Mythology, Ragnarok, Survival","Generations after Ragnarok, the survivors of the old world scheme and fight in the New Land. First of The Runestone Saga."
Children of the Forest,Elsa Beskow,Children's Picture Book,"Forest, Seasons, Swedish Classic","A classic Swedish picture book following a family of tiny forest children through a year of gathering, playing, and sheltering under the pines. Beskow's watercolors are a staple of Waldorf-leaning nature libraries."
Children's Book of Philosophy,DK,Children's Reference,"Philosophy, Critical Thinking","An illustrated introduction to the big questions and the thinkers who asked them, from Socrates to modern philosophers, with thought experiments for readers to try."
Christian Mythology: A Secular Family Storybook,Chrystine Trooien,Anthology / Comparative Religion,"Bible Stories, Secular Education","Bible stories retold for secular families as mythology rather than doctrine, presenting the narratives alongside their cultural context. Second edition."
Clallam County,Clallam County Historical Society,Nonfiction / Local History,"Clallam County, Washington State, Historical Photographs","A photographic local history of Clallam County on Washington's Olympic Peninsula, compiled by the county historical society."
Classical Africa,Molefi Kete Asante,Children's/Young Adult Nonfiction,"African History, Ancient Civilizations","A survey of Africa's classical civilizations — Egypt, Nubia, Ghana, Mali, Songhay and more — written for young students."
Classical Conversations Cycle 1 Geography: Africa — Trivium at the Table (placemat),Classical Conversations MultiMedia,Curriculum Chart / Laminated Reference,"African Geography, Memory Work",A laminated color Africa placemat listing the Cycle 1 geography memory work by week alongside illustrated landmarks and locations to point out.
Classical Conversations Cycle 1 Geography: World Map (placemat),Classical Conversations MultiMedia,Curriculum Chart / Laminated Reference,"World Geography, Maps","A laminated world map placemat for Cycle 1 geography memory work, labeling continents, oceans, major seas and rivers, with an inset of Mesoamerican civilizations."
Classical Conversations Cycle 1: Africa Outline Map (placemat),Classical Conversations MultiMedia,Curriculum Chart / Laminated Reference,"African Geography, Maps","A laminated blank outline map of Africa for drawing and labeling practice, part of the Cycle 1 geography sequence."
Classical Conversations Cycle 3: United States Political Map (placemat),Classical Conversations MultiMedia,Curriculum Chart / Laminated Reference,"US Geography, States","A laminated blank political outline of the United States for practicing state identification, with Alaska and Hawaii insets and a compass rose."
"Classical Conversations Trivium Tables: Geography, Cycle 2 — Europe",Classical Conversations MultiMedia,Curriculum Chart / Laminated Reference,"European Geography, Memory Work","A laminated two-sided study table listing the Cycle 2 geography memory work week by week — European waters, countries, rivers, cities, mountains, peninsulas and seas — with Geo Gem prompts on the USSR, wars and place-name etymology. Two copies on hand."
Clipper Ship Days: The Golden Age of American Sailing Ships,John Jennings,Children's Nonfiction / History,"Sailing Ships, Maritime History, Landmark Books","The rise of the American clipper ships from the launch of the Rainbow in 1845. Landmark Books #22, illustrated by Edward A. Wilson."
Cooking with the Cat,Bonnie Worth (illustrated by Christopher Moroney),Early Reader / Beginner Book,"Baking, Humor, Rhyme","The Cat in the Hat returns to bake a cake with Sally and her brother, making an enormous mess in rhyme."
Cracking the Wall: The Struggles of the Little Rock Nine,Eileen Lucas (illustrated by Mark Anthony),Children's Nonfiction,"Civil Rights, School Integration","The nine Black students who integrated Little Rock Central High in 1957, and what they faced walking through those doors."
Crafts Through the Year,Thomas & Petra Berger,Craft Instruction / Waldorf,"Seasonal Crafts, Festivals",Seasonal craft projects arranged through the year for families and classrooms in the Waldorf tradition.
Craftwork Techniques of the Native Americans,Elizabeth Auer,Craft Instruction,"Native American Crafts, Traditional Techniques","Traditional Native American craft techniques presented with materials, methods and cultural context."
Crayola Whimsical Escapes Coloring Book,Crayola,Coloring Book,"Coloring, Patterns",A coloring book of whimsical illustrated scenes and patterns.
"Creative Form Drawing with Children Aged 10–12 Years, Workbook 2",Angela Lord,Teaching Guide / Waldorf Curriculum,"Form Drawing, Geometry, Waldorf Pedagogy","The second workbook, moving into more complex braided, knotted and geometric forms for older children as form drawing shades into freehand geometry."
"Creative Form Drawing with Children Aged 6–10 Years, Workbook 1",Angela Lord,Teaching Guide / Waldorf Curriculum,"Form Drawing, Art, Waldorf Pedagogy","A workbook of form-drawing exercises for the lower grades, moving from straight and curved lines to mirrored and symmetrical forms, with guidance on why each form is introduced when it is."
Crown of Three,J.D. Rinehart,Children's Chapter Book / Fantasy,"Prophecy, Triplets, Kingdoms","Three siblings separated at birth are prophesied to rule Toronia together, if they can survive long enough to find each other. Book one of a middle-grade epic fantasy trilogy."
Cycle Savvy: The Smart Teen's Guide to the Mysteries of Her Body,"Toni Weschler, MPH",Nonfiction / Health,"Menstrual Cycle, Puberty, Teen Health",A teen-facing guide to the menstrual cycle and body literacy from the author of Taking Charge of Your Fertility.
D'Aulaires' Book of Greek Myths,Ingri and Edgar Parin d'Aulaire,Children's Mythology Anthology,"Greek Mythology, Gods and Heroes","The classic illustrated retelling of the Greek myths, from the Titans and the twelve Olympians through Perseus, Theseus, Heracles and the heroes, in lithograph-style artwork."
D'Aulaires' Book of Norse Myths,Ingri & Edgar Parin d'Aulaire (preface by Michael Chabon),Children's Mythology Anthology,"Norse Mythology, Gods and Giants, Illustrated Classic","The d'Aulaires' classic illustrated retelling of the Norse myths, from the creation of the world through Ragnarok. This edition carries a preface by Michael Chabon."
Damosel,Stephanie Spinner,Young Adult Historical Fantasy,"Arthurian Legend, Lady of the Lake, Retelling",The Arthurian story told in alternating voices by the Lady of the Lake and a dwarf in Arthur's court.
Dance in a Buffalo Skull,Zitkála-Šá (illustrated by S.D. Nelson),Children's Picture Book / Folktale,"Dakota Culture, Folklore","A Dakota tale by the Yankton Sioux writer Zitkála-Šá in which mice dance the night away inside a buffalo skull, unaware of the danger creeping close."
Daughter of the Deep,Rick Riordan,Children's Chapter Book / Science Fiction,"Submarines, Jules Verne, Marine Biology",Ana Dakkar's freshman trials at a marine science academy turn into a fight for the Nautilus itself. Riordan's riff on Twenty Thousand Leagues Under the Sea.
Deep in the Ocean,Lucie Brunellière,Children's Picture Book,"Ocean, Marine Life","A layered dive from the sunlit surface to the deep trenches, each spread descending further into the dark."
Desert Night Desert Day,Anthony D. Fredericks (illustrated by Jennifer DiRubbio Spengler),Children's Picture Book,"Desert, Wildlife, Day and Night",Rhyming verses following desert animals through the heat of day and the cool of night.
Dinosaurs: A Visual Encyclopedia,DK,Children's Reference,"Dinosaurs, Paleontology","A comprehensive illustrated encyclopedia of dinosaur species arranged by period and group, with fossil evidence and size comparisons."
Divergent,Veronica Roth,Young Adult Dystopian Fiction,"Factions, Identity, Chicago","In a Chicago sorted into five factions, Tris tests as Divergent, which makes her dangerous to the system. First in the Divergent trilogy."
DK Eyewitness Books: Ancient Civilizations,DK,Children's Reference,"Ancient History, Archaeology","A photographic survey of the ancient world's civilizations, their artifacts, cities, beliefs and daily life."
DK First Dictionary and Thesaurus,DK,Children's Reference / Dictionary,"Vocabulary, Grammar, Thesaurus","Over 3,000 entries with 800 photographs, combining a first dictionary and thesaurus with grammar notes, example sentences, spelling tips and word games."
DK Readers: Ape Adventures,Catherine Chambers,Early Reader Nonfiction,"Apes, Primates, Conservation","A leveled reader on gorillas, chimps, orangutans and bonobos — how they live, and the threats they face."
DK Readers: Big Machines,Karen Wallace,Early Reader Nonfiction,"Machines, Vehicles","A beginning reader about diggers, cranes, dumpers and other giant machines and the jobs they do."
Doodling Dragons: An ABC Book of Sounds,Denise Eide (illustrated by Ingrid Hess),Children's Picture Book / Phonics,"Alphabet, Phonograms","An alphabet book that teaches every sound each letter makes, not just one, with dragons doodling their way through the phonograms."
Double Take! A New Look at Opposites,Susan Hood (illustrated by Jay Fleck),Children's Picture Book,"Opposites, Perspective",A rhyming exploration showing that opposites depend entirely on where you're standing.
Dragon Feathers,Arnica Esterl (illustrated by Olga Dugina & Andrej Dugin),Children's Illustrated Folktale,"Folktale, Dragons, Quest","A retelling of the folktale in which a poor young man must journey to the ends of the earth and pluck three feathers from a sleeping dragon, illustrated in dense Renaissance-style miniature detail."
Dragon Masters #10: Waking the Rainbow Dragon,Tracey West,Children's Chapter Book / Fantasy,"Dragons, Magic, Friendship",Drake and the other Dragon Masters train with their dragons and face a new magical threat in this illustrated early chapter-book fantasy series.
Dragon Masters #11: Shine of the Silver Dragon,Tracey West,Children's Chapter Book / Fantasy,"Dragons, Magic, Friendship",Drake and the other Dragon Masters train with their dragons and face a new magical threat in this illustrated early chapter-book fantasy series.
Dragon Masters #12: Treasure of the Gold Dragon,Tracey West,Children's Chapter Book / Fantasy,"Dragons, Magic, Friendship",Drake and the other Dragon Masters train with their dragons and face a new magical threat in this illustrated early chapter-book fantasy series.
Dragon Masters #14: Land of the Spring Dragon,Tracey West,Children's Chapter Book / Fantasy,"Dragons, Magic, Friendship",Drake and the other Dragon Masters train with their dragons and face a new magical threat in this illustrated early chapter-book fantasy series.
Dragon Masters #15: Future of the Time Dragon,Tracey West,Children's Chapter Book / Fantasy,"Dragons, Magic, Friendship",Drake and the other Dragon Masters train with their dragons and face a new magical threat in this illustrated early chapter-book fantasy series.
Dragon Masters #16: Call of the Sound Dragon,Tracey West,Children's Chapter Book / Fantasy,"Dragons, Magic, Friendship",Drake and the other Dragon Masters train with their dragons and face a new magical threat in this illustrated early chapter-book fantasy series.
Dragon Masters #17: Fortress of the Stone Dragon,Tracey West,Children's Chapter Book / Fantasy,"Dragons, Magic, Friendship",Drake and the other Dragon Masters train with their dragons and face a new magical threat in this illustrated early chapter-book fantasy series.
Dragon Masters #18: Heat of the Lava Dragon,Tracey West,Children's Chapter Book / Fantasy,"Dragons, Magic, Friendship",Drake and the other Dragon Masters train with their dragons and face a new magical threat in this illustrated early chapter-book fantasy series.
Dragon Masters #19: Wave of the Sea Dragon,Tracey West,Children's Chapter Book / Fantasy,"Dragons, Magic, Friendship",Drake and the other Dragon Masters train with their dragons and face a new magical threat in this illustrated early chapter-book fantasy series.
Dragon Masters #20: Howl of the Wind Dragon,Tracey West,Children's Chapter Book / Fantasy,"Dragons, Magic, Friendship",Drake and the other Dragon Masters train with their dragons and face a new magical threat in this illustrated early chapter-book fantasy series.
Dragon Masters #2: Saving the Sun Dragon,Tracey West,Children's Chapter Book / Fantasy,"Dragons, Magic, Friendship",Drake and the other Dragon Masters train with their dragons and face a new magical threat in this illustrated early chapter-book fantasy series.
Dragon Masters #3: Rise of the Earth Dragon,Tracey West,Children's Chapter Book / Fantasy,"Dragons, Magic, Friendship",Drake and the other Dragon Masters train with their dragons and face a new magical threat in this illustrated early chapter-book fantasy series.
Dragon Masters #4: Power of the Fire Dragon,Tracey West,Children's Chapter Book / Fantasy,"Dragons, Magic, Friendship",Drake and the other Dragon Masters train with their dragons and face a new magical threat in this illustrated early chapter-book fantasy series.
Dragon Masters #5: Song of the Poison Dragon,Tracey West,Children's Chapter Book / Fantasy,"Dragons, Magic, Friendship",Drake and the other Dragon Masters train with their dragons and face a new magical threat in this illustrated early chapter-book fantasy series.
Dragon Masters #8: Roar of the Thunder Dragon,Tracey West,Children's Chapter Book / Fantasy,"Dragons, Magic, Friendship",Drake and the other Dragon Masters train with their dragons and face a new magical threat in this illustrated early chapter-book fantasy series.
Dragon Masters #9: Chill of the Ice Dragon,Tracey West,Children's Chapter Book / Fantasy,"Dragons, Magic, Friendship",Drake and the other Dragon Masters train with their dragons and face a new magical threat in this illustrated early chapter-book fantasy series.
Dragonborn,Struan Murray,Children's Chapter Book / Fantasy,"Dragons, Boarding School, Identity",Twelve-year-old Alex discovers she is a dragon and is taken to the island of Skralla to train with others like her. First in a new middle-grade series.
Dragons Love Tacos / Dragones y Tacos,Adam Rubin (illustrated by Daniel Salmieri),Children's Picture Book,"Humor, Dragons, Food","Dragons adore tacos and despise spicy salsa — a rule a boy forgets at his taco party, with fiery consequences. Bilingual English/Spanish edition."
Dragons Love Tacos 2: The Sequel,Adam Rubin (illustrated by Daniel Salmieri),Children's Picture Book,"Humor, Dragons, Time Travel","The world has run out of tacos, so the boy and his dragons travel back in time to fix it — and are warned, again, about the spicy salsa."
Draw 50 Animals,Lee J. Ames,Art Instruction,"Drawing, Animals","The classic step-by-step method for drawing fifty animals, building each from simple shapes."
"Draw 50 Sharks, Whales, and Other Sea Creatures",Lee J. Ames with Warren Budd,Art Instruction,"Drawing, Marine Life",Step-by-step drawing instruction for fifty ocean creatures.
Drawing from the Book of Nature,Dennis Klocek,Art Instruction / Waldorf,"Drawing, Nature Observation, Waldorf","Exercises in observational and imaginative drawing drawn from natural forms, written for Waldorf teachers and artists."
"Drawing Manga Animals, Chibis, and Other Adorable Creatures",J.C. Amberlyn,Art Instruction,"Manga, Drawing, Animals",Step-by-step manga drawing instruction focused on animals and chibi-style characters.
Each Breath a Smile,Thich Nhat Hanh,Children's Picture Book,"Mindfulness, Breathing","A simple introduction to mindful breathing for young children, based on Thich Nhat Hanh's teachings and told through a child's awareness of the present moment."
Earth Almanac: Nature's Calendar for Year-Round Discovery,Ken Keffer (illustrated by Jeremy Collins),Nature Guide,"Seasons, Phenology, Nature Observation",A season-by-season calendar of what to look for in the natural world across the year.
Earth Color: An Eight Week Art Course for Nature-Connection,Emma Burleigh,Art Instruction / Nature,"Nature Art, Drawing, Natural Pigments","An eight-week illustrated art course pairing drawing and painting exercises with close observation of the natural world, using earth pigments and nature journaling to deepen connection to place."
Easy Wood Carving for Children,Frank Egholm,Craft Instruction,"Whittling, Woodwork, Children","Simple whittling projects for adventurous children, with guidance on tools and safety."
Eclipse,Stephenie Meyer,Young Adult Fantasy / Romance,"Vampires, Werewolves, Romance","A newborn vampire army moves on Seattle, forcing vampires and wolves into alliance. Third in the Twilight saga."
Elephants Cannot Dance!,Mo Willems,Children's Early Reader (Elephant & Piggie series),"Self-Doubt, Trying New Things","Piggie tries to teach Gerald to dance despite his certainty that elephants cannot, and Gerald ends up inventing a dance all his own."
Ellie's Log: Exploring the Forest Where the Great Tree Fell,Judith L. Li,Children's Chapter Book / Nature,"Forest Ecology, Field Notebooks","Ellie and her friend investigate an old-growth forest after a giant tree falls, keeping field notes as they learn how the forest works."
Emily and Daisy,Elsa Beskow,Children's Picture Book,"Farm Animals, Cows, Swedish Classic",Emily is given a calf named Daisy and looks after her through the seasons on the farm. A warm Beskow story about animals and responsibility.
Emily Wilde's Encyclopaedia of Faeries,Heather Fawcett,Fantasy,"Faeries, Academia, Fieldwork",A prickly Cambridge dryadologist arrives in a northern village to complete her encyclopaedia of faeries and is joined by an infuriating colleague. Told as her field journal.
Encyclopedia of the Middle Ages,Matthew Bunson,Reference,Medieval History,"An A-to-Z reference on the people, places, institutions and events of the medieval world."
Engineered! Science of the Supernatural,National Geographic,Children's Nonfiction,"Engineering, Science",A National Geographic special exploring the real engineering behind seemingly impossible feats.
English Workbook for Grades Six to Eight,Ted Warren,Workbook / Curriculum,"Grammar, Composition, Middle School","A middle-grades English workbook covering grammar, usage, sentence structure and composition."
Eric Carle's Treasury of Classic Stories for Children,Eric Carle,Children's Anthology,"Classic Tales, Fables","Twenty-two retold favorites from Aesop, the Brothers Grimm and Hans Christian Andersen, illustrated in Eric Carle's collage style."
Every Exquisite Thing,Laura Steven,Young Adult Thriller,"Boarding School, Dorian Gray, Beauty","At an elite performing arts school, students discover portraits that take on their flaws while they stay perfect. A Dorian Gray-inspired thriller."
Explanatorium of Science,DK / Smithsonian,Children's Reference,"Science, Physics, Chemistry, Biology","A photographic explanation of how science works across every discipline, with close-up imagery and step-by-step diagrams."
Explorers: Amazing Tales of the World's Greatest Adventurers,Nellie Huang (DK),Children's Nonfiction,"Exploration, Adventure, Biography","Profiles of explorers across history and terrain — polar, oceanic, mountain and space — with maps and illustrated portraits."
Exploring Nature Activity Book for Kids,Kim Andrews,Children's Activity Book,"Nature Study, Outdoors","Fifty activities and experiments for exploring plants, animals, weather and habitats outdoors."
Fahrenheit 451,Ray Bradbury,Dystopian Fiction,"Censorship, Books, Conformity",A fireman whose job is burning books begins to read them. Bradbury's 1953 novel.
Fairies and Elves (The Enchanted World),Time-Life Books,Illustrated Folklore Reference,"Folklore, Fairy Lore","A volume from Time-Life's Enchanted World series gathering fairy and elf legends from European folklore, illustrated with classic and commissioned artwork."
Fairy & Folk Tales of Ireland,edited by W.B. Yeats,Folktale Anthology,"Irish Folklore, Fairies, Oral Tradition","Yeats's gathering of Irish fairy legends, ghost stories, and tales of the good people, drawn from nineteenth-century collectors and country storytellers."
Fairy Tale Comics,edited by Chris Duffy,Children's Graphic Anthology,"Fairy Tales, Comics","Seventeen classic fairy tales reimagined as comics, each by a different cartoonist, from Snow White to Baba Yaga."
Famous Men of the Middle Ages,John H. Haaren & A. B. Poland,Children's Nonfiction / History,"Medieval History, Biography","A classic early-1900s schoolbook telling the medieval era through short biographies of its central figures, from Attila and Charlemagne to Joan of Arc."
Fantastic Beasts and Where to Find Them,Newt Scamander (J.K. Rowling),Children's Reference,"Wizarding World, Magical Creatures, Companion Book","Harry's Hogwarts textbook presented as a real field guide to magical creatures, complete with marginalia from Harry and Ron."
Fantastic Mr Fox,Roald Dahl,Children's Chapter Book,"Foxes, Farmers, Trickery",Mr Fox outwits three vicious farmers to keep feeding his family and the other underground animals. Illustrated by Quentin Blake.
Farm Anatomy,Julia Rothman,Illustrated Nonfiction,"Farming, Rural Life","Illustrated cross-sections of farm life: barn types, breeds, crops, tools, canning and country traditions."
Favorite Folktales from Around the World,edited by Jane Yolen,Folktale Anthology,"World Folklore, Storytelling","More than 160 tales from dozens of cultures, grouped by theme — tricksters, fools, heroes, death and the like — with Yolen's commentary."
Feel the Force,Tom Adams,Children's Nonfiction,"Physics, Forces","An interactive look at the physical forces governing the universe, from gravity to electromagnetism."
Find the Journeys Around the World,David Long (illustrated by Andy Rowland),Children's Search-and-Find Nonfiction,"Exploration, World History","Great journeys of history rendered as busy search-and-find scenes, from ancient trade routes to famous voyages of exploration."
Find the Knights,David Long (illustrated by Harry Bloom),Children's Search-and-Find Nonfiction,"Medieval History, Knights","Densely illustrated medieval scenes — castles, tournaments, sieges — to search through, with historical detail hidden alongside the things to find."
Find the Pirates,David Long (illustrated by Harry Bloom),Children's Search-and-Find Nonfiction,"Pirates, Maritime History","Explore-and-find spreads of pirate ships, ports and battles, teaching real pirate history through the hunt for hidden characters and objects."
Finger Knitting for Kids,Eriko Teranishi,Craft Instruction,"Finger Knitting, Children's Crafts","Finger-knitting projects for children, from cords and scarves to toys."
Finger Knitting Fun,Vickie Howell,Craft Instruction,"Finger Knitting, Children's Crafts","Twenty-eight projects made by finger knitting, no needles required."
Fire & Blood,George R.R. Martin,Fantasy,"Targaryens, Westeros History, Dragons","A fictional history of the Targaryen kings, written as an archmaester's chronicle of the three hundred years before A Game of Thrones. Source material for House of the Dragon."
Firefly Encyclopedia of Animals,Firefly Books,Reference,"Animals, Zoology","A photographic encyclopedia of the animal kingdom organized by group, with distribution, behavior and conservation notes."
"Fix It! Grammar: The Nose Tree, Teacher's Manual Book 1",Pamela White (Institute for Excellence in Writing),Teaching Guide / Grammar,"Grammar, Editing, Composition","A grammar course taught by correcting one sentence a day from an ongoing story, with the teacher's key and instruction notes."
Flat Stanley: On Ice,Jeff Brown,Early Reader / I Can Read,"Adventure, Humor","Flattened-by-a-bulletin-board Stanley Lambchop takes to the ice, using his unusual shape to save the day."
Flip-o-saurus,Sara Ball,Children's Novelty / Flipbook,"Dinosaurs, Paleontology","A three-way split-page flipbook of dinosaurs whose heads, bodies and tails can be recombined into invented species, with the real animals named on each panel."
Flower Fairies of the Winter,Cicely Mary Barker,Children's Poetry / Picture Book,"Fairies, Winter Plants, Botanical Illustration","Poems paired with Barker's botanically precise fairy paintings, one for each winter plant. Part of the Flower Fairies series first published in the 1920s."
Folktales for Fearless Girls,Myriam Sayalero (illustrated by Dani Torrent),Children's Anthology,"Folklore, Girls, Courage","Traditional tales from around the world in which the girls and women do the rescuing, the outwitting and the deciding."
For the Wolf,Hannah Whitten,Fantasy,"Fairy Tale Retelling, Forests, Sacrifice","The second daughter is given to the Wolf in the Wilderwood as her kingdom has always required. First of the Wilderwood duology, drawing on Red Riding Hood and Beauty and the Beast."
Form Drawing,Hans R. Niederhauser & Margaret Frohlich,Teaching Guide / Waldorf Curriculum,"Form Drawing, Geometry, Waldorf","The classic short Waldorf guide to form drawing, explaining the purpose of the practice and giving sequences of forms for the grades."
Form Drawing for Beginners,Donna Simmons (Christopherus Homeschool Resources),Teaching Guide / Waldorf Curriculum,"Form Drawing, Homeschool, Waldorf","A beginner's form drawing guide from the Christopherus Curriculum, with running forms and exercises for the early grades."
Form Drawing: Grades One through Four,Laura Embrey-Stine & Ernst Schuberth,Teaching Guide / Waldorf Curriculum,"Form Drawing, Grades 1-4, Waldorf","Sequenced form drawing exercises for grades one through four, from straight and curved lines through knotted and mirrored forms. Published by RSCP."
"Foundations B, Reader 2: Max",Kimber Iverson,Early Reader / Phonics Curriculum,"Phonics, Dogs","A decodable Level B reader from the Logic of English Foundations curriculum, following a floppy-eared dog named Max using only the phonograms taught to that point."
"Foundations B, Reader 4: Can Pete Pick a Pet?",Kimber Iverson,Early Reader / Phonics Curriculum,"Phonics, Pets","A Level B decodable reader from the Logic of English Foundations curriculum, following Pete as he tries to choose a pet using only the phonograms taught to that point."
"Foundations B, Reader 5: Quite a Farm!",Kimber Iverson,Early Reader / Phonics Curriculum,"Phonics, Farm Animals","A Level B decodable reader touring a noisy farmyard and its animals, reinforcing the phonograms and spelling rules from that stage of the curriculum."
"Foundations B, Reader 6: Kids Just Want to Have Fun",Kimber Iverson,Early Reader / Phonics Curriculum,"Phonics, Play, Everyday Life","A photo-illustrated Level B reader about the ways kids play, closing out the B-level decodable sequence."
"Foundations C, Reader 2: Firefly!",Kimber Iverson,Early Reader / Phonics Curriculum,"Phonics, Insects, Nature","A Level C decodable nonfiction reader on fireflies and how they light up, using the phonograms introduced in Level C."
"Foundations C, Reader 3: Kids Can Do Great Things!",Kimber Iverson,Early Reader / Phonics Curriculum,"Phonics, Achievement, Children",A Level C decodable reader profiling real children who have accomplished remarkable things.
"Foundations C, Reader 4: Ostriches",Kimber Iverson,Early Reader / Phonics Curriculum,"Phonics, Birds, Animals","A Level C decodable nonfiction reader about ostriches — their size, speed, eggs and habits."
"Foundations C, Reader 5: Robots",Kimber Iverson,Early Reader / Phonics Curriculum,"Phonics, Robots, Technology",A Level C decodable nonfiction reader on what robots are and the jobs they do.
"Foundations C, Reader 6: Dolphins",Denise Eide & Kimber Iverson,Early Reader / Phonics Curriculum,"Phonics, Dolphins, Ocean Animals","A Level C decodable nonfiction reader on dolphins, their pods, communication and life in the sea."
"Foundations C, Reader 8: Rickshaws",Kimber Iverson,Early Reader / Phonics Curriculum,"Phonics, Transportation, World Cultures",A Level C decodable nonfiction reader about rickshaws and how people get around in different parts of the world.
"Foundations D, Reader 1: The Arctic and the Antarctic — Polar Opposites",Denise Eide,Early Reader / Phonics Curriculum,"Phonics, Polar Regions, Animals",A Level D decodable nonfiction reader comparing the two polar regions and the animals — polar bears and penguins among them — that live at each end of the earth.
"Foundations D, Reader 2: Baby Birds",Logic of English,Early Reader / Phonics Curriculum,"Phonics, Birds, Nature","A Level D decodable nonfiction reader on how baby birds hatch, grow and leave the nest."
"Foundations D, Reader 3: Bears, Bears, and More Bears",Logic of English,Early Reader / Phonics Curriculum,"Phonics, Bears, Animals",A Level D decodable nonfiction reader surveying bear species around the world and how they live.
"Foundations D, Reader 4: Carp — Unexpected Consequences",Logic of English,Early Reader / Phonics Curriculum,"Phonics, Invasive Species, Ecology",A Level D decodable nonfiction reader on carp as an introduced species and the unintended effects on rivers and lakes.
"Foundations D, Reader 5: My Nest is Best!",Miriam Eide,Early Reader / Phonics Curriculum,"Phonics, Birds, Nests",A Level D decodable nonfiction reader comparing the remarkable nests different birds build.
"Foundations D, Reader 6: Frog or Toad?",Miriam Eide,Early Reader / Phonics Curriculum,"Phonics, Amphibians, Nature","A Level D decodable nonfiction reader on how to tell frogs and toads apart, with photographs of each."
"Foundations D, Reader 8: Mouse and Mole",Logic of English,Early Reader / Phonics Curriculum,"Phonics, Animals, Friendship","A Level D decodable reader featuring a mouse and a mole, closing out the D-level sequence."
Fox Tales: The Folklore and Natural History of the Fox,Brian 'Fox' Ellis,Folklore / Natural History,"Foxes, Folklore, Storytelling",A storyteller's collection pairing fox folktales from around the world with the natural history of the animal behind the legends.
Free at Last! Stories and Songs of Emancipation,Doreen Rappaport (illustrated by Shane W. Evans),Children's Nonfiction,"Reconstruction, African American History","Stories, songs and firsthand voices from the years between emancipation and the end of segregation."
Frog and Toad,Arnold Lobel,Early Reader,"Friendship, Humor","The classic gentle stories of two amphibian friends — lost buttons, unwilling seeds, cookies best given away — in Lobel's understated prose."
Frog and Toad Are Friends,Arnold Lobel,Early Reader,"Friendship, Humor","The first collection: a lost button, a swimsuit, a letter that takes days to arrive, and spring refusing to come."
Frog and Toad Together,Arnold Lobel,Early Reader,"Friendship, Humor","Five more stories of the two friends — a list that blows away, a garden that won't grow, cookies and willpower, and a dream about being alone."
"Frog, Bee and Snail Look for Snow",Loek Koopmans,Children's Picture Book,"Seasons, Winter, Friendship","Three small friends set out to find snow, which none of them has ever seen, in a gentle watercolor tale of curiosity and the turning year."
Garden of Fairytale Animals Coloring Book,Kanoko Egusa,Coloring Book,"Animals, Fairy Tales, Coloring","Intricate fairytale animal illustrations to color, in the Design Originals style."
Gesture Games for Autumn and Winter,Wilma Ellersiek,Teaching Guide / Waldorf Curriculum,"Hand Gesture Games, Movement, Early Childhood","Hand gesture games, songs, and movement games for the autumn and winter seasons, for children in kindergarten and the lower grades."
Gesture Games for Spring and Summer,Wilma Ellersiek,Teaching Guide / Waldorf Curriculum,"Hand Gesture Games, Movement, Early Childhood","Hand gesture games, songs, and movement games for the spring and summer seasons, for children in kindergarten and the lower grades."
Gilgamesh the Hero,Geraldine McCaughrean (illustrated by David Parkins),Children's Illustrated Classic,"Mesopotamian Mythology, Epic","A retelling of the world's oldest epic: Gilgamesh and Enkidu's friendship, the killing of Humbaba, and the king's failed search for immortality."
Girl in Pieces,Kathleen Glasgow,Young Adult Fiction,"Self-Harm, Recovery, Trauma",Charlie leaves a treatment facility and tries to build a life in Tucson. A frank novel about self-harm and recovery; deluxe edition.
Girls Who Code: Learn to Code and Change the World,Reshma Saujani,Middle Grade Nonfiction,"Computer Science, Coding, Girls in STEM","An illustrated beginner's guide to programming for tweens and teens from the founder of Girls Who Code, covering loops, variables, functions and algorithms in plain language alongside profiles of real women and girls working in tech."
Gnomes,Wil Huygen (illustrated by Rien Poortvliet),Illustrated Fantasy Reference,"Gnomes, Folklore","The classic illustrated natural history of gnomes, documenting their anatomy, homes, crafts, medicine and daily life as though from field research."
"Gnomes & Friends (Tales of Limindoor Woods, Book 2)",Sieglinde De Francesca,Children's Chapter Book / Fantasy,"Gnomes, Friendship, Waldorf","The continuing adventures of Gus and the gnomes of Limindoor Woods, who welcome new gnomes and animal friends, follow an adventure that leads to a mystery, and learn to be honest, brave, patient and generous. Includes discussion questions and a recipe."
Gods and Heroes: Mythology Around the World,Korwin Briggs,Children's Nonfiction,"World Mythology, Gods","Illustrated profiles of gods, heroes and monsters from dozens of world traditions, told with humor and a comics sensibility."
Gods of Jade and Shadow,Silvia Moreno-Garcia,Fantasy,"Maya Mythology, Jazz Age Mexico, Road Trip",A young woman in 1920s Mexico accidentally frees a Mayan death god and is bound to help him reclaim his throne.
Going Solo,Roald Dahl,Memoir,"East Africa, RAF, World War II","Dahl's second memoir, covering his work in Tanganyika and his service as an RAF fighter pilot. Sequel to Boy."
Golden Son,Pierce Brown,Science Fiction,"Mars, Political Intrigue, War","Darrow moves from the Institute into the wider war among the Golds, where the betrayals get bigger and costlier. Second of the Red Rising saga."
Goldilocks and the Three Dinosaurs,Mo Willems,Children's Picture Book,"Fairy Tale Parody, Humor","Willems's retelling in which three dinosaurs set an obvious trap with chocolate pudding, and a poorly-supervised girl walks right into it."
Good Night Yoga: A Pose-by-Pose Bedtime Story,Mariam Gates (illustrated by Sarah Jane Hinder),Children's Picture Book,"Yoga, Bedtime, Relaxation","A bedtime story told through gentle yoga poses that follow the natural world settling into night, helping children wind down for sleep."
Good Night Zoo,Adam Gamble (illustrated by Cooper Kelly),Children's Board Book,"Zoo Animals, Bedtime, Seasons","A bedtime board book in the Good Night Our World series that walks a family through a day at the zoo and around the four seasons. Features gorillas, elephants, giraffes, penguins, and many more. (Well loved and worn.)"
Goodnight Songs,Margaret Wise Brown,Children's Picture Book / Songbook,"Lullabies, Bedtime, Poetry","Twelve previously unpublished lullaby poems by the author of Goodnight Moon, each illustrated by a different artist and set to music on an accompanying CD."
Grammar-Land: Grammar in Fun for the Children of Schoolroom-Shire,M. L. Nesbitt,Children's Instructional / Classic,"Grammar, Parts of Speech","An 1877 classic in which the nine parts of speech appear as characters — Mr. Noun, Little Article, Serjeant Parsing and Judge Grammar — arguing their claims in a courtroom, teaching grammar through story and trial."
Grandfather Gandhi,Arun Gandhi & Bethany Hegedus (illustrated by Evan Turk),Children's Picture Book / Biography,"Anger, Nonviolence, Family","Arun Gandhi's memory of struggling with his own anger while living at his grandfather's ashram, and Gandhi's lesson that anger, like lightning, can be turned into light."
Greetings from Somewhere #10: The Mystery of the Secret Society,Harper Paris (illustrated by Marcos Calo),Children's Chapter Book / Mystery,"Travel, Mystery, Athens Greece","Ethan and Ella follow clues through the caves and ruins of Athens to uncover a secret society, in the tenth Greetings from Somewhere mystery."
Greetings from Somewhere #1: The Mystery of the Gold Coin,Harper Paris (illustrated by Marcos Calo),Children's Chapter Book / Mystery,"Travel, Mystery, Paris","Ethan and Ella Briar travel the world with their journalist mother and solve a mystery in each new city, in this early chapter-book mystery series."
Greetings from Somewhere #2: The Mystery of the Mosaic,Harper Paris (illustrated by Marcos Calo),Children's Chapter Book / Mystery,"Travel, Mystery, Venice","Ethan and Ella Briar travel the world with their journalist mother and solve a mystery in each new city, in this early chapter-book mystery series."
Greetings from Somewhere #3: The Mystery of the Stolen Painting,Harper Paris (illustrated by Marcos Calo),Children's Chapter Book / Mystery,"Travel, Mystery, Amsterdam","Ethan and Ella Briar travel the world with their journalist mother and solve a mystery in each new city, in this early chapter-book mystery series."
Greetings from Somewhere #4: The Mystery in the Forbidden City,Harper Paris (illustrated by Marcos Calo),Children's Chapter Book / Mystery,"Travel, Mystery, Beijing","Ethan and Ella Briar travel the world with their journalist mother and solve a mystery in each new city, in this early chapter-book mystery series."
Greetings from Somewhere #5: The Mystery of the Lion's Tail,Harper Paris (illustrated by Marcos Calo),Children's Chapter Book / Mystery,"Travel, Mystery, Kenya","Ethan and Ella Briar travel the world with their journalist mother and solve a mystery in each new city, in this early chapter-book mystery series."
Greetings from Somewhere #6: The Mystery of the Suspicious Spices,Harper Paris (illustrated by Marcos Calo),Children's Chapter Book / Mystery,"Travel, Mystery, India","Ethan and Ella Briar travel the world with their journalist mother and solve a mystery in each new city, in this early chapter-book mystery series."
Greetings from Somewhere #7: The Mystery Across the Secret Bridge,Harper Paris (illustrated by Marcos Calo),Children's Chapter Book / Mystery,"Travel, Mystery, Prague","Ethan and Ella Briar travel the world with their journalist mother and solve a mystery in each new city, in this early chapter-book mystery series."
Greetings from Somewhere #8: The Mystery at the Coral Reef,Harper Paris (illustrated by Marcos Calo),Children's Chapter Book / Mystery,"Travel, Mystery, Australia","Ethan and Ella Briar travel the world with their journalist mother and solve a mystery in each new city, in this early chapter-book mystery series."
Greetings from Somewhere #9: The Mystery of the Icy Paw Prints,Harper Paris (illustrated by Marcos Calo),Children's Chapter Book / Mystery,"Travel, Mystery, Iceland","Ethan and Ella Briar travel the world with their journalist mother and solve a mystery in each new city, in this early chapter-book mystery series."
Grim and Oro: Dueling Crowns Edition,Alex Aster,Young Adult Fantasy / Romance,"Lightlark, Companion Novellas, Romance","A dual-sided companion volume to the Lightlark Saga: two novel-length stories bound back to back, one told by Grim and one by Oro. The spine carries both titles, one reading from each end."
Grimm's Complete Fairy Tales,Jacob & Wilhelm Grimm,Folktale Anthology,"German Folklore, Fairy Tales, Classic",A complete collected edition of the Grimms' household tales in a decorative leather-look binding. Distinct from the Noel Daniel illustrated edition also on hand.
Grimm's Fairy Tales (illustrated by Arthur Rackham),Jacob & Wilhelm Grimm (illustrated by Arthur Rackham),Folktale Anthology,"Fairy Tales, German Folklore, Illustrated Classic","A selection of the Grimms' tales in the classic Arthur Rackham edition, with his pen-and-ink and watercolor plates. A fourth distinct Grimm edition in this collection."
Guess How Much I Love You,Sam McBratney (illustrated by Anita Jeram),Children's Picture Book,"Love, Parent and Child, Bedtime",Little Nutbrown Hare and Big Nutbrown Hare try to outdo each other describing how much they love one another. A modern bedtime classic from Candlewick Press.
Guinness World Records 2024,Guinness World Records,Reference,"World Records, Trivia","The annual compendium of record-breaking feats, animals, objects and people, with photographs throughout."
Hans Christian Andersen: Complete Fairy Tales,Hans Christian Andersen,Folktale Anthology,"Fairy Tales, Denmark, Classic","A collected edition of Andersen's tales, from The Little Mermaid and The Snow Queen to the lesser-known stories. Decorative gift-edition binding."
Happy Pig Day!,Mo Willems,Children's Early Reader (Elephant & Piggie series),"Belonging, Friendship, Celebration","Piggie throws herself into celebrating Pig Day and Gerald feels left out, until he learns the day is for everyone who loves a pig."
Happy Town,Greg van Eekhout,Children's Chapter Book / Science Fiction,"Company Town, Dystopia, Zombies","Keegan's family moves to a spotless high-tech company town, and he works out that the system keeping everyone happy is turning them into meat-craving zombies. A middle-grade satire of corporate life."
Harry Potter and the Chamber of Secrets,J.K. Rowling,Children's Chapter Book / Fantasy,"Wizarding School, Mystery, Magic",Something is petrifying students at Hogwarts and the Chamber of Secrets has been opened. Book two of seven. (Also on hand: the Jim Kay illustrated edition.)
Harry Potter and the Deathly Hallows,J.K. Rowling,Children's Chapter Book / Fantasy,"Horcruxes, Quest, War","Harry, Ron, and Hermione leave school to hunt Horcruxes, and the war reaches Hogwarts. Book seven of seven. (Two copies on hand: one in the boxed set, one separate hardcover.)"
Harry Potter and the Goblet of Fire,J.K. Rowling,Children's Chapter Book / Fantasy,"Triwizard Tournament, Return of Voldemort, Magic",Harry is entered against his will in the Triwizard Tournament and the fourth task ends in Voldemort's return. Book four of seven. (Also on hand: the Jim Kay illustrated edition.)
Harry Potter and the Half-Blood Prince,J.K. Rowling,Children's Chapter Book / Fantasy,"Horcruxes, Memory, Magic","Dumbledore takes Harry through Voldemort's past while a mysterious potions textbook rewrites Harry's sixth year. Book six of seven. (Two copies on hand: one in the boxed set, one separate hardcover.)"
Harry Potter and the Order of the Phoenix,J.K. Rowling,Children's Chapter Book / Fantasy,"Resistance, Ministry of Magic, Prophecy","The Ministry denies Voldemort's return while Harry and his friends form Dumbledore's Army. Book five of seven. (Two copies on hand: one in the boxed set, one separate hardcover.) (Also on hand: the illustrated edition by Jim Kay with Neil Packer.)"
Harry Potter and the Prisoner of Azkaban,J.K. Rowling,Children's Chapter Book / Fantasy,"Wizarding School, Time Travel, Magic","An escaped prisoner is said to be hunting Harry, and the truth about his parents' betrayal comes out. Book three of seven. (Also on hand: the Jim Kay illustrated edition.)"
Harry Potter and the Sorcerer's Stone,J.K. Rowling,Children's Chapter Book / Fantasy,"Wizarding School, Friendship, Magic","Harry learns he is a wizard and arrives at Hogwarts for his first year. Book one of seven. (Two copies on hand: one in the boxed set, one separate hardcover.) (Also on hand: the Jim Kay illustrated edition, published in the UK as Harry Potter and the Philosopher's Stone.)"
Harry Potter Crochet,Lee Sartori,Craft Instruction,"Crochet, Amigurumi, Media Tie-In","Crochet patterns for characters and creatures from the wizarding world, with step-by-step instructions."
Haunting Adeline,H.D. Carlton,Dark Romance / Thriller,"Stalker Romance, Suspense, Dark Themes","Adeline inherits her great-grandmother's mansion and is pursued by a man watching her from the shadows, while she uncovers a trafficking ring tied to the house. First of the Cat and Mouse duet; adult content."
Heart and Soul: The Story of America and African Americans,Kadir Nelson,Children's Nonfiction / Illustrated History,"African American History, American History","A sweeping narrative history of America told in the voice of one elderly African American narrator, illustrated with Nelson's oil paintings."
Hello Nature Activity Cards,Nina Chakrabarti,Activity Cards,"Nature Study, Drawing",A card deck of nature observation and drawing prompts for use outdoors.
Hello Ruby: Adventures in Coding,Linda Liukas,Children's Picture Book / Instructional,"Coding, Computational Thinking","Ruby's imaginative adventures teach the logic behind programming — sequences, loops and problem decomposition — with exercises."
Hiawatha and the Peacemaker,Robbie Robertson (illustrated by David Shannon),Children's Picture Book,"Haudenosaunee History, Peace","The Mohawk story of Hiawatha, grieving and vengeful, who is turned by the Peacemaker toward founding the Iroquois Confederacy."
Holistic Goat Care,Gianaclis Caldwell,Reference,"Goats, Animal Husbandry, Homesteading","A comprehensive guide to raising healthy goats, covering anatomy, nutrition, breeding, and treatment. Chelsea Green."
Hooked on Amigurumi,Melanie Morita,Craft Instruction,"Crochet, Amigurumi",Crochet patterns for small stuffed animals and characters in the amigurumi style.
Hooky Vol. 3,Miriam Bonastre Tur,Children's Graphic Novel,"Witches, Magic School, Siblings",Twin witches Dani and Dorian keep tangling with prophecy and politics. Third volume of the Hooky series.
Houses of Adobe,Bonnie Shemie,Children's Nonfiction,"Indigenous Architecture, Southwest","The adobe building traditions of the Southwest, illustrated with cross-sections and construction sequences."
Houses of Bark,Bonnie Shemie,Children's Nonfiction,"Indigenous Architecture, Native Peoples","How the woodland peoples of northeastern North America built with bark, part of Shemie's Native Dwellings series."
Houses of Hide and Earth,Bonnie Shemie,Children's Nonfiction,"Indigenous Architecture, Plains","Tipis, earth lodges and other dwellings of the Plains peoples, with detailed diagrams of their construction."
Houses of Wood,Bonnie Shemie,Children's Nonfiction,"Indigenous Architecture, Northwest Coast","The plank houses of the Northwest Coast peoples, how they were built and how families lived in them."
How Birds Work: An Illustrated Guide to the Wonders of Form and Function,Marianne Taylor,Illustrated Nonfiction,"Ornithology, Anatomy, Nature","How feathers, bones, beaks, and behavior fit together, explained through cutaway illustrations and photographs."
How Science Works,Judith Hann,Children's Reference,"Science, Experiments",A Reader's Digest guide explaining scientific principles through everyday phenomena and hands-on experiments.
"How to Build a Story... or, The Big What If",Frances O'Roark Dowell (illustrated by Stacy Ebert),Children's Instructional,"Creative Writing, Storytelling","A friendly guide for young writers on building a story from the ground up — character, setting, plot and the big what-if question that sets everything in motion."
How to Create Manga: Drawing the Human Body,Matsu,Art Instruction,"Manga, Anatomy, Drawing","Manga-style instruction in drawing the human figure, proportion and movement."
Howl Like a Wolf!,Kathleen Yale,Children's Activity Book,"Animals, Behavior, Play","Fifteen animals to learn by acting like them — moving, communicating and hunting the way they do."
Hunting Adeline,H.D. Carlton,Dark Romance / Thriller,"Stalker Romance, Suspense, Dark Themes","The second half of the Cat and Mouse duet, following the events of Haunting Adeline. Adult content."
I Am Gandhi: A Graphic Biography of a Hero,Brad Meltzer (illustrated by various artists),Children's Graphic Biography,"Biography, Nonviolence, History","A graphic-novel life of Mohandas Gandhi, drawn by a roster of comics artists, tracing his path from a shy boy to the leader of nonviolent resistance."
I Am Going!,Mo Willems,Children's Early Reader (Elephant & Piggie series),"Friendship, Separation Anxiety",Piggie's simple announcement that she is going sends Gerald into a spiral of despair — over what turns out to be a lunch break.
I Am Invited to a Party!,Mo Willems,Children's Early Reader (Elephant & Piggie series),"Friendship, Parties, Preparation","Piggie gets her first party invitation and Gerald, the party expert, insists they dress for a fancy party, a pool party and a costume party all at once."
I Broke My Trunk!,Mo Willems,Children's Early Reader (Elephant & Piggie series),"Storytelling, Friendship, Humor","Gerald spins out the long, increasingly absurd story of how he broke his trunk, with a punchline that lands on Piggie."
I Love Monet / Colorier vos propres tableaux de Monet,Mudpuppy,Coloring Book,"Monet, Impressionism, Coloring",A coloring book reproducing Monet's paintings as line art for coloring in. (Two copies on hand.)
I Love My New Toy!,Mo Willems,Children's Early Reader (Elephant & Piggie series),"Sharing, Friendship, Play","Piggie's wonderful new toy gets broken during play, and the friends discover that a friend is far better than a toy."
I Really Like Slop!,Mo Willems,Children's Early Reader (Elephant & Piggie series),"Food, Trying New Things, Friendship","Piggie invites Gerald to taste her beloved slop, and Gerald tries it anyway because that is what friends do."
I Want My Hat Back,Jon Klassen,Children's Picture Book,"Humor, Deadpan, Animals","A bear questions the other animals about his missing red hat, in flat deadpan dialogue with a quietly sinister payoff. Klassen's debut as author-illustrator."
I Will Surprise My Friend!,Mo Willems,Children's Early Reader (Elephant & Piggie series),"Friendship, Misunderstandings","Gerald and Piggie each sneak off to surprise the other, spend the day missing each other completely, and end up surprised by how much they care."
I Will Take a Nap!,Mo Willems,Children's Early Reader (Elephant & Piggie series),"Sleep, Dreams, Humor","Grumpy Gerald wants a quiet nap, gets a snoring Piggie instead, and slips into a very strange dream involving a squirrel."
I'm a Frog!,Mo Willems,Children's Early Reader (Elephant & Piggie series),"Pretending, Imagination, Anxiety",Piggie announces she is a frog and Gerald panics about the rules of pretending before discovering he can play too.
If He Had Been with Me,Laura Nowlin,Young Adult Fiction,"Grief, Friendship, Unrequited Love","Autumn and Finn grew up next door to each other and drifted into different crowds, and the novel opens by telling you how it ends."
If Only I Had Told Her,Laura Nowlin,Young Adult Fiction,"Grief, Friendship, Unrequited Love","The companion to If He Had Been with Me, retelling and continuing the story from Finn's perspective and beyond."
If You Go Down to the Woods Today,Rachel Piercey (illustrated by Freya Hartas),Children's Poetry / Search-and-Find,"Woodland, Seasons, Poetry","Poems following a woodland through the seasons, each paired with a busy illustration full of animals and objects to find."
If You Lived Here: Houses of the World,Giles Laroche,Children's Nonfiction Picture Book,"Architecture, World Cultures, Homes","Cut-paper collage illustrations tour homes around the world — cave dwellings, houseboats, yurts, stilt houses — with notes on where, when and why each was built."
If You Lived with the Sioux Indians,Ann McGovern,Children's Nonfiction,"Lakota Culture, History","A question-and-answer look at daily life among the Sioux before European settlement — food, clothing, games and family."
In the Beginning: Creation Stories from Around the World,Virginia Hamilton (illustrated by Barry Moser),Children's Anthology,"Creation Myths, World Cultures","Twenty-five creation stories from cultures worldwide, retold with commentary on how each imagines the world's first moments."
Indian Legends of the Pacific Northwest,Ella E. Clark,Folktale Anthology,"Native American Folklore, Pacific Northwest, Oral Tradition","Legends gathered from tribes of Washington, Oregon, Idaho, and British Columbia, with notes on their sources and settings."
Intermediate Geography & Maps Activities,Rand McNally,Workbook,"Geography, Maps",Map-reading and geography activity pages for intermediate grades.
Introduction to Geometry,Richard Rusczyk (Art of Problem Solving),Math Textbook,"Geometry, Problem Solving","A rigorous problem-based introduction to geometry, from angles and triangles through circles, solids and analytic methods."
Island: A Story of the Galápagos,Jason Chin,Children's Nonfiction Picture Book,"Evolution, Islands, Galápagos","The six-million-year life story of a Galápagos island, from volcanic birth through the arrival and evolution of its species to its eventual sinking."
Isles of the Emberdark,Brandon Sanderson,Fantasy,"Cosmere, Voyages, Sho Del","A Cosmere novel following Sixth of the Dusk beyond his home islands. Originally a Kickstarter-era secret project, later published by Tor."
It's Fun to Draw Knights and Castles,Mark Bergin,Art Instruction,"Drawing, Knights, Castles","Simple step-by-step drawings of knights, castles, dragons and siege machines for young artists."
It's Not Summer Without You,Jenny Han,Young Adult Romance,"Summer, Grief, Love Triangle",Belly's summers at Cousins Beach change after a death in the Fisher family. Second of The Summer I Turned Pretty trilogy.
"It's So Amazing! A Book about Eggs, Sperm, Birth, Babies, and Families",Robie H. Harris (illustrated by Michael Emberley),Children's Nonfiction,"Reproduction, Bodies, Families","A frank, age-appropriate explanation of conception, pregnancy, birth and the many shapes families take, guided by a curious bird and bee."
Jim Arnosky's Wild World,Jim Arnosky,Children's Nonfiction,"Wildlife, Nature Observation",A naturalist-illustrator's gathering of paintings and field notes on the animals he has watched across land and water.
Johnny Tremain: A Story of Boston in Revolt,Esther Forbes,Children's Chapter Book / Historical Fiction,"American Revolution, Boston, Apprenticeship",A silversmith's apprentice injures his hand and falls in with the Sons of Liberty in the years before Lexington. Winner of the 1944 Newbery Medal.
Julia Rothman's Ocean Anatomy Activity Book,Julia Rothman,Activity Book,"Ocean, Marine Life, Drawing","Drawing prompts, puzzles and fill-in pages built on the illustrations from Ocean Anatomy. (Four copies on hand.)"
"Just Breathe: Meditation, Mindfulness, Movement, and More","Mallika Chopra (illustrated by Brenna Vaughan, foreword by Deepak Chopra)",Children's Nonfiction / Wellbeing,"Meditation, Mindfulness, Kids' Wellbeing","A guide for tweens to meditation, breathing, mantras, yoga and mindful movement, with practical exercises for handling stress, sleep, focus and big feelings."
Katabasis,R.F. Kuang,Fantasy,"Academia, Underworld, Magic",Two rival Cambridge magick students descend into hell to retrieve their dead advisor's soul. A dark academia fantasy built on classical descent narratives.
Katie and the British Artists,James Mayhew,Children's Picture Book,"Art Appreciation, British Art","Katie climbs into the paintings at the gallery and tumbles through the world inside them, meeting the art from the inside."
Katie and the Dinosaurs,James Mayhew,Children's Picture Book,"Art Appreciation, Dinosaurs, Museums","Katie climbs into the paintings at the gallery and tumbles through the world inside them, meeting the art from the inside."
Katie and the Impressionists,James Mayhew,Children's Picture Book,"Art Appreciation, Impressionism, Monet","Katie climbs into the paintings at the gallery and tumbles through the world inside them, meeting the art from the inside."
Katie and the Mona Lisa,James Mayhew,Children's Picture Book,"Art Appreciation, Renaissance Art, Leonardo","Katie climbs into the paintings at the gallery and tumbles through the world inside them, meeting the art from the inside."
Katie and the Spanish Princess,James Mayhew,Children's Picture Book,"Art Appreciation, Velázquez, Spanish Art","Katie climbs into the paintings at the gallery and tumbles through the world inside them, meeting the art from the inside."
Katie and the Starry Night,James Mayhew,Children's Picture Book,"Art Appreciation, Van Gogh, Museums","Katie climbs into the paintings at the gallery and tumbles through the world inside them, meeting the art from the inside."
Katie and the Sunflowers,James Mayhew,Children's Picture Book,"Art Appreciation, Post-Impressionism, Van Gogh","Katie climbs into the paintings at the gallery and tumbles through the world inside them, meeting the art from the inside."
Katie and the Waterlily Pond,James Mayhew,Children's Picture Book,"Art Appreciation, Monet, Gardens","Katie climbs into the paintings at the gallery and tumbles through the world inside them, meeting the art from the inside."
Katie in London,James Mayhew,Children's Picture Book,"Art Appreciation, London, Landmarks","Katie climbs into the paintings at the gallery and tumbles through the world inside them, meeting the art from the inside."
Katie's Picture Show,James Mayhew,Children's Picture Book,"Art Appreciation, Museums, Paintings","Katie climbs into the paintings at the gallery and tumbles through the world inside them, meeting the art from the inside."
"Kay and Jay (Early Reader, Set 1, Book 6)",Shelley Davidow,Early Reader / Phonics,"Phonics, Vowel Combinations, Animals","Two snails cross the garden by day and night in the final book of the Early Reader Series, advancing readers toward long vowels and vowel teams."
Keepers of Life,Michael J. Caduto & Joseph Bruchac,Teaching Guide / Anthology,"Native American Stories, Plants, Ecology","Native stories about plants and the living earth, matched with botany and ecology activities for children."
Keepers of the Animals,Michael J. Caduto & Joseph Bruchac,Teaching Guide / Anthology,"Native American Stories, Animals, Environmental Education",Native American animal stories paired with hands-on wildlife activities for teachers and parents.
Kids Knitting,Melanie Falick,Craft Instruction,"Knitting, Children","A first knitting course for children, from making needles through finished projects."
Kindness: A Treasury of Buddhist Wisdom for Children and Parents,collected and adapted by Sarah Conover (illustrated by Valerie Wahl),Children's Anthology,"Buddhism, Kindness, Values","Traditional Buddhist tales and teachings retold for families, each illustrating compassion, generosity or mindfulness, with notes for parents."
King Maximo and the Number Knights,Howard Schrager (illustrated by Malin Lager),Children's Storybook / Waldorf Curriculum,"Number Qualities, Mathematics, Waldorf","King Maximo sends twelve knights out for a year to discover the greatest of all numbers; each returns to the feast with a tale revealing the character of his number, a verse from Joccomo the Jester, and a coat of arms capturing its essence. Written as twelve lesson-chapters used to introduce the qualities of numbers in Waldorf first and second grade."
King Red and the White Snow and Other Tales for Children,Reg Down,Children's Anthology / Waldorf,"Nature Stories, Winter, Seasons","A gathering of Reg Down's gentle seasonal tales for young children, centered on a winter story of King Red and the white snow."
Knitting Knights: Beyond the Sounds of ABC,Denise Eide,Children's Picture Book / Phonics,"Phonograms, Spelling","More multi-letter phonograms in rhyme and illustration, continuing the Logic of English sound-based alphabet series."
"Kumon Pre-Algebra, Grades 6–8",Kumon Publishing,Workbook,"Pre-Algebra, Mathematics",A self-paced pre-algebra workbook building from integers and fractions through equations and expressions.
Lady Tremaine,Rachel Hochhauser,Fantasy / Retelling,"Cinderella, Villain Origin, Fairy Tale","The Cinderella story told from the stepmother's side, before she became a villain."
Lamb's Tales from Shakespeare,Charles & Mary Lamb,Illustrated Classic,"Shakespeare, Retellings, Nineteenth Century",Twenty of Shakespeare's plays retold as prose stories for young readers. A decorative vintage binding.
Last Kiss of Summer,Jessica M. Felleman,Young Adult Romance,"Cape Cod, Chronic Illness, Second Chances","Sera and Luke are literally bound by a childhood heart transplant, and a Cape Cod summer brings them back together. A debut YA love story."
Lavender's Blue Dilly Dilly,Mary Thienes-Schunemann (illustrated by Lura Schwarz-Smith),Songbook / CD Set,"Nursery Rhymes, Mother Goose, Singing Games","Nursery rhymes, Mother Goose songs, and singing games for dancing and play, with guitar chords and a CD. Part of the Singing with Children series."
Learning to See the World Through Drawing,Scott Sutton,Art Instruction / Waldorf,"Drawing, Observation, Waldorf","A drawing course built on observation, developed for Waldorf classrooms and self-teaching artists."
Leave the World Behind,Rumaan Alam,Literary Fiction,"Apocalypse, Race and Class, Suspense","A family's Long Island vacation is interrupted by the house's owners fleeing a blackout in the city, and no one can learn what is happening."
Legends of the Talmud: A Collection of Ancient Magical Jewish Tales,Leah Vincent & Samuel Katz (illustrated by Aya Rosen),Anthology / Folklore,"Jewish Folklore, Talmud","Strange and magical stories drawn from the Talmud — demons, sages, transformations and impossible feats — retold for modern readers with art nouveau-style illustration."
"Len Bug and Jen Slug (Early Reader, Set 1, Book 3)",Shelley Davidow,Early Reader / Phonics,"Phonics, Short Vowels, Animals","A ladybug and a slug meet in the grass in this short-vowel phonetic reader, part of the six-book Early Reader Series for beginning decoders."
Leonardo's Science Workshop,Heidi Olinger,Children's Activity Book,"Science, Engineering, Art","Hands-on projects in physics, engineering and art inspired by Leonardo da Vinci's notebooks."
Let's Go for a Drive!,Mo Willems,Children's Early Reader (Elephant & Piggie series),"Planning, Flexibility, Imagination","The friends pack maps, sunglasses, umbrellas and bags for a road trip before realizing they have no car, and improvise a better adventure."
Library Lion,Michelle Knudsen (illustrated by Kevin Hawkes),Children's Picture Book,"Libraries, Rules, Friendship",A lion starts visiting the library and becomes a beloved helper by obeying every rule — until the day he has to break one to get help for the head librarian.
Life Cycles: Everything from Start to Finish,DK,Children's Reference,"Life Cycles, Biology",Illustrated life cycles across the living world — from mayflies and mushrooms to redwoods and stars.
Lift-the-Flap Engineering,"Rose Hall (illustrated by Rachael Cosgrove, Usborne)",Children's Novelty Nonfiction,"Engineering, Machines","A lift-the-flap introduction to how bridges, engines, robots and buildings are designed and built."
Lightlark,Alex Aster,Young Adult Fantasy / Romance,"Islands, Curses, Competition",Every hundred years the island of Lightlark appears and six cursed rulers compete in a deadly game to break their curses. First of the Lightlark Saga.
Listen to My Trumpet!,Mo Willems,Children's Early Reader (Elephant & Piggie series),"Honesty, Kindness, Music",Piggie's ear-splitting trumpet performance leaves Gerald struggling to be both honest and kind — and there is a twist to what she was playing.
Little Bear,Else Holmelund Minarik (illustrated by Maurice Sendak),Early Reader / I Can Read,"Family, Imagination, Bears","Four gentle stories of Little Bear and his mother — a snowsuit, a birthday soup, a trip to the moon and a wish — a founding classic of the I Can Read line."
Little Leaders: Bold Women in Black History,Vashti Harrison,Children's Nonfiction / Biography,"Black History, Women, Biography","Forty short illustrated profiles of Black women who broke barriers in science, art, politics, sport and activism."
Little Needle-Felt Animals,Gretel Parker,Craft Instruction,"Needle Felting, Animals",Patterns and technique for making small needle-felted animals.
Little Red Riding Hood,Nadia Fabris,Children's Picture Book / Folktale,"Fairy Tales, Wolves","A die-cut illustrated edition of the classic tale of the girl, the woodland path and the wolf who reaches Grandmother's house first."
"Living In... (Ready-to-Read Boxed Set: Brazil, China, India, Italy, Mexico, South Africa)",Chloe Perkins (illustrated by Tom Woolley),Early Reader Nonfiction,"World Cultures, Countries","Six Ready-to-Read titles, each narrated by a child describing daily life, food, school and festivals in their country."
Living Untethered: Beyond the Human Predicament,Michael A. Singer,Nonfiction / Spirituality,"Consciousness, Meditation, Letting Go","A step-by-step follow-up to The Untethered Soul, working through where thoughts and emotions come from and how to release them."
LMNOP and All the Letters A to Z,Howard Schrager (illustrated by Bruce Bischof),Children's Storybook / Waldorf Curriculum,"Alphabet, Letter Forms, Waldorf","Verses and images that introduce each letter of the alphabet through pictures drawn from nature and story, in the Waldorf tradition of teaching letters imaginatively."
Look I'm a Scientist,DK,Children's Activity Book,"Science, Preschool STEM",Simple hands-on science experiments for very young children.
Look I'm an Engineer,DK,Children's Activity Book,"Engineering, Preschool STEM",Simple hands-on engineering activities for very young children.
Looking for Alaska,John Green,Young Adult Fiction,"Boarding School, Grief, Friendship",Miles goes to boarding school looking for a Great Perhaps and meets Alaska Young. Green's first novel.
Lord of the Flies: The Graphic Novel,William Golding (adapted and illustrated by Aimee de Jongh),Graphic Novel,"Survival, Civilization, Adaptation",Aimee de Jongh's graphic adaptation of Golding's novel about schoolboys marooned on an island. Penguin Classics.
Lore Olympus: Volume One,Rachel Smythe,Graphic Novel,"Greek Mythology, Webtoon, Romance","Hades and Persephone retold as a modern Olympus of offices, parties, and tabloids. Collects the first arc of Smythe's Webtoon series."
Lore Olympus: Volume Three,Rachel Smythe,Graphic Novel,"Greek Mythology, Webtoon, Romance",Old grudges among the gods surface as Persephone's own power becomes harder to hide. Third collected volume.
Lore Olympus: Volume Two,Rachel Smythe,Graphic Novel,"Greek Mythology, Webtoon, Romance",Persephone navigates life in the mortal realm and her deepening entanglement with Hades. Second collected volume.
"Louis' Farm, Issue 2 (Spring 2023)",Louis' Farm,Children's Periodical / Waldorf,"Farm Life, Seasons, Nature","A seasonal children's magazine of farm stories, verses and watercolor illustration in the Waldorf tradition."
Love & Gelato,Jenna Evans Welch,Young Adult Romance,"Italy, Travel, Grief",Lina goes to Tuscany after her mother's death and works through her mother's old journal to learn what happened there. First of the Love & Gelato series.
Lucia's Travel Bus,"Nam-joong Kim (illustrated by Eun-min Jeong, edited by Joy Cowley)",Children's Picture Book,"Chile, World Cultures, Family","Part of the Global Kids series: a girl travels through Chile's landscapes aboard her grandfather's bus, meeting the people and places of her country."
Lugalbanda: The Boy Who Got Caught Up in a War,Kathy Henderson (illustrated by Jane Ray),Children's Illustrated Classic,"Sumerian Mythology, Ancient Iraq","A 4,500-year-old Sumerian story retold: a small boy left for dead on a mountain wins the aid of a giant bird and saves an army."
Mac's Field Guide to Northwest Coastal Invertebrates,Craig MacGowan,Field Guide,"Marine Life, Tide Pools, Pacific Northwest","A laminated identification card for Northwest tide-pool and coastal invertebrates — jellies, anemones, snails, clams, chitons and octopus — keyed by tidal zone and substrate."
Mac's Field Guide to Olympic National Park Land Animals,Craig MacGowan,Field Guide,"Wildlife, Olympic National Park","A laminated identification card covering the birds, mammals, amphibians and reptiles of Olympic National Park with sizes and scientific names."
Mac's Field Guide to Pacific Northwest Trees,Craig MacGowan,Field Guide,"Trees, Pacific Northwest, Nature Identification","A laminated two-sided identification card illustrating the conifers and broadleaf trees of the Pacific Northwest with height, range and cone details."
Magic Eye,N.E. Thing Enterprises,Novelty / Optical Illusions,"Stereograms, Optical Illusions",The original collection of 3D stereogram images that resolve into hidden shapes when the eyes relax.
Magic Eye III,N.E. Thing Enterprises,Novelty / Optical Illusions,"Stereograms, Optical Illusions",The third volume of hidden 3D stereogram images.
Magic Tree House #10: Ghost Town at Sundown,Mary Pope Osborne,Children's Chapter Book / Historical Fantasy,"Time Travel, History, Adventure","Jack and Annie's tree house carries them to another time and place, where they complete a mission and learn the history firsthand."
Magic Tree House #11: Lions at Lunchtime,Mary Pope Osborne,Children's Chapter Book / Historical Fantasy,"Time Travel, History, Adventure","Jack and Annie's tree house carries them to another time and place, where they complete a mission and learn the history firsthand."
Magic Tree House #12: Polar Bears Past Bedtime,Mary Pope Osborne,Children's Chapter Book / Historical Fantasy,"Time Travel, History, Adventure","Jack and Annie's tree house carries them to another time and place, where they complete a mission and learn the history firsthand."
Magic Tree House #13: Vacation Under the Volcano,Mary Pope Osborne,Children's Chapter Book / Historical Fantasy,"Time Travel, History, Adventure","Jack and Annie's tree house carries them to another time and place, where they complete a mission and learn the history firsthand."
Magic Tree House #14: Day of the Dragon King,Mary Pope Osborne,Children's Chapter Book / Historical Fantasy,"Time Travel, History, Adventure","Jack and Annie's tree house carries them to another time and place, where they complete a mission and learn the history firsthand."
Magic Tree House #15: Viking Ships at Sunrise,Mary Pope Osborne,Children's Chapter Book / Historical Fantasy,"Time Travel, History, Adventure","Jack and Annie's tree house carries them to another time and place, where they complete a mission and learn the history firsthand."
Magic Tree House #16: Hour of the Olympics,Mary Pope Osborne,Children's Chapter Book / Historical Fantasy,"Time Travel, History, Adventure","Jack and Annie's tree house carries them to another time and place, where they complete a mission and learn the history firsthand."
Magic Tree House #17: Tonight on the Titanic,Mary Pope Osborne,Children's Chapter Book / Historical Fantasy,"Time Travel, History, Adventure","Jack and Annie's tree house carries them to another time and place, where they complete a mission and learn the history firsthand."
Magic Tree House #18: Buffalo Before Breakfast,Mary Pope Osborne,Children's Chapter Book / Historical Fantasy,"Time Travel, History, Adventure","Jack and Annie's tree house carries them to another time and place, where they complete a mission and learn the history firsthand."
Magic Tree House #20: Dingoes at Dinnertime,Mary Pope Osborne,Children's Chapter Book / Historical Fantasy,"Time Travel, History, Adventure","Jack and Annie's tree house carries them to another time and place, where they complete a mission and learn the history firsthand."
Magic Tree House #21: Civil War on Sunday,Mary Pope Osborne,Children's Chapter Book / Historical Fantasy,"Time Travel, History, Adventure","Jack and Annie's tree house carries them to another time and place, where they complete a mission and learn the history firsthand."
Magic Tree House #22: Revolutionary War on Wednesday,Mary Pope Osborne,Children's Chapter Book / Historical Fantasy,"Time Travel, History, Adventure","Jack and Annie's tree house carries them to another time and place, where they complete a mission and learn the history firsthand."
Magic Tree House #23: Twister on Tuesday,Mary Pope Osborne,Children's Chapter Book / Historical Fantasy,"Time Travel, History, Adventure","Jack and Annie's tree house carries them to another time and place, where they complete a mission and learn the history firsthand."
Magic Tree House #24: Earthquake in the Early Morning,Mary Pope Osborne,Children's Chapter Book / Historical Fantasy,"Time Travel, History, Adventure","Jack and Annie's tree house carries them to another time and place, where they complete a mission and learn the history firsthand."
Magic Tree House #25: Stage Fright on a Summer Night,Mary Pope Osborne,Children's Chapter Book / Historical Fantasy,"Time Travel, History, Adventure","Jack and Annie's tree house carries them to another time and place, where they complete a mission and learn the history firsthand."
"Magic Tree House #26: Good Morning, Gorillas",Mary Pope Osborne,Children's Chapter Book / Historical Fantasy,"Time Travel, History, Adventure","Jack and Annie's tree house carries them to another time and place, where they complete a mission and learn the history firsthand."
Magic Tree House #27: Thanksgiving on Thursday,Mary Pope Osborne,Children's Chapter Book / Historical Fantasy,"Time Travel, History, Adventure","Jack and Annie's tree house carries them to another time and place, where they complete a mission and learn the history firsthand."
Magic Tree House #28: High Tide in Hawaii,Mary Pope Osborne,Children's Chapter Book / Historical Fantasy,"Time Travel, History, Adventure","Jack and Annie's tree house carries them to another time and place, where they complete a mission and learn the history firsthand."
Magic Tree House #29: A Big Day for Baseball,Mary Pope Osborne,Children's Chapter Book / Historical Fantasy,"Time Travel, History, Adventure","Jack and Annie's tree house carries them to another time and place, where they complete a mission and learn the history firsthand."
Magic Tree House #2: The Knight at Dawn,Mary Pope Osborne,Children's Chapter Book / Historical Fantasy,"Time Travel, History, Adventure","Jack and Annie's tree house carries them to another time and place, where they complete a mission and learn the history firsthand."
Magic Tree House #31: Warriors in Winter,Mary Pope Osborne,Children's Chapter Book / Historical Fantasy,"Time Travel, History, Adventure","Jack and Annie's tree house carries them to another time and place, where they complete a mission and learn the history firsthand."
"Magic Tree House #32: To the Future, Ben Franklin!",Mary Pope Osborne,Children's Chapter Book / Historical Fantasy,"Time Travel, History, Adventure","Jack and Annie's tree house carries them to another time and place, where they complete a mission and learn the history firsthand."
Magic Tree House #3: Mummies in the Morning,Mary Pope Osborne,Children's Chapter Book / Historical Fantasy,"Time Travel, History, Adventure","Jack and Annie's tree house carries them to another time and place, where they complete a mission and learn the history firsthand."
Magic Tree House #4: Pirates Past Noon,Mary Pope Osborne,Children's Chapter Book / Historical Fantasy,"Time Travel, History, Adventure","Jack and Annie's tree house carries them to another time and place, where they complete a mission and learn the history firsthand."
Magic Tree House #5: Night of the Ninjas,Mary Pope Osborne,Children's Chapter Book / Historical Fantasy,"Time Travel, History, Adventure","Jack and Annie's tree house carries them to another time and place, where they complete a mission and learn the history firsthand."
Magic Tree House #6: Afternoon on the Amazon,Mary Pope Osborne,Children's Chapter Book / Historical Fantasy,"Time Travel, History, Adventure","Jack and Annie's tree house carries them to another time and place, where they complete a mission and learn the history firsthand."
Magic Tree House #7: Sunset of the Sabertooth,Mary Pope Osborne,Children's Chapter Book / Historical Fantasy,"Time Travel, History, Adventure","Jack and Annie's tree house carries them to another time and place, where they complete a mission and learn the history firsthand."
Magic Tree House #8: Midnight on the Moon,Mary Pope Osborne,Children's Chapter Book / Historical Fantasy,"Time Travel, History, Adventure","Jack and Annie's tree house carries them to another time and place, where they complete a mission and learn the history firsthand."
Magic Tree House #9: Dolphins at Daybreak,Mary Pope Osborne,Children's Chapter Book / Historical Fantasy,"Time Travel, History, Adventure","Jack and Annie's tree house carries them to another time and place, where they complete a mission and learn the history firsthand."
Magic Tree House Fact Tracker: Ancient Greece and the Olympics,Mary Pope Osborne & Natalie Pope Boyce,Children's Nonfiction,"History, Ancient Greece, Olympics","The nonfiction companion to the Magic Tree House adventures, filling in the real history and science behind the story."
Magic Tree House Fact Tracker: Ancient Rome and Pompeii,Mary Pope Osborne & Natalie Pope Boyce,Children's Nonfiction,"History, Ancient Rome, Volcanoes","The nonfiction companion to the Magic Tree House adventures, filling in the real history and science behind the story."
Magic Tree House Fact Tracker: Mummies and Pyramids,Mary Pope Osborne & Natalie Pope Boyce,Children's Nonfiction,"History, Ancient Egypt","The nonfiction companion to the Magic Tree House adventures, filling in the real history and science behind the story."
Magic Tree House Fact Tracker: Sabertooths and the Ice Age,Mary Pope Osborne & Natalie Pope Boyce,Children's Nonfiction,"History, Prehistoric Animals, Ice Age","The nonfiction companion to the Magic Tree House adventures, filling in the real history and science behind the story."
Magic Tree House Merlin Mission #1: Christmas in Camelot,Mary Pope Osborne,Children's Chapter Book / Fantasy,"Arthurian Legend, Quest","Jack and Annie are summoned to Camelot to break a spell and restore Christmas, beginning the Merlin Missions."
Magic Tree House Merlin Mission: Haunted Castle on Hallows Eve,Mary Pope Osborne,Children's Chapter Book / Fantasy,"Halloween, Magic, Quest",A Halloween mission to a haunted castle where Jack and Annie must use magic responsibly.
"Magic Tree House Super Edition: World at War, 1944",Mary Pope Osborne,Children's Chapter Book / Historical Fiction,"World War II, D-Day",A longer Magic Tree House adventure set around the Allied invasion of Normandy.
Magical Wonder Tales: King Beetle Tamer and Other Stories,Isabel Wyatt,Children's Anthology / Waldorf Curriculum,"Fairy Tales, Storytelling, Waldorf","Fifteen original wonder tales full of unicorns, fairies, roses, and gold, for children seven and up. Revised edition of King Beetle-Tamer; companion to Wyatt's Seven-Year-Old Wonder Book, also on hand."
Magnus Chase and the Gods of Asgard: The Sword of Summer,Rick Riordan,Children's Chapter Book / Fantasy,"Norse Mythology, Valhalla, Quest","A homeless Boston teenager dies, wakes in Valhalla, and learns he is the son of a Norse god. First of the Magnus Chase trilogy."
Maker Lab: 28 Super Cool Projects,DK,Children's Activity Book,"STEM, Making, Experiments",Twenty-eight step-by-step build-and-experiment projects using everyday materials.
Making Math Meaningful: 6th Grade Workbook Teacher's Edition,Jamie York,Teaching Guide / Waldorf Curriculum,"Mathematics, Grade 6, Waldorf",Teacher's edition of the sixth-grade workbook in Jamie York's Waldorf-inspired math series.
Making Math Meaningful: 7th Grade Workbook Teacher's Edition,Jamie York,Teaching Guide / Waldorf Curriculum,"Mathematics, Grade 7, Waldorf",Teacher's edition of the seventh-grade workbook in the Making Math Meaningful series.
Making Math Meaningful: 8th Grade Workbook Teacher's Edition,Jamie York,Teaching Guide / Waldorf Curriculum,"Mathematics, Grade 8, Waldorf",Teacher's edition of the eighth-grade workbook in the Making Math Meaningful series.
Making Math Meaningful: Elementary School Source Book (Grades One through Five),Jamie York,Teaching Guide / Waldorf Curriculum,"Mathematics, Elementary, Waldorf",A grade-by-grade source book for teaching elementary math in the Waldorf sequence.
"Making Math Meaningful: Fun with Puzzles, Games and More!","Randy Evans, Mick Follari & Jamie York",Teaching Guide / Curriculum,"Math Puzzles, Games, Grades 4-12","A classroom resource of puzzles with full solutions, math games, magic tricks, and activities, sorted by grade level. Third edition; companion to the Making Math Meaningful workbooks already on hand."
Making Math Meaningful: Middle School Source Book,Jamie York,Teaching Guide / Waldorf Curriculum,"Mathematics, Middle School, Waldorf","A source book of middle-school math content, sequence and teaching approaches for Waldorf classrooms."
Mapping Penny's World,Loreen Leedy,Children's Picture Book,"Maps, Cartography","After learning about maps at school, Lisa maps everywhere her dog Penny goes, introducing scale, symbols, keys and compass roses."
Mapping Sam,Joyce Hesselberth,Children's Picture Book,"Maps, Cartography, Cats","A cat's nighttime prowl through the neighborhood becomes an introduction to maps of every kind — floor plans, star charts, topographic and body maps."
Mars Rover: Making History,Making History,Children's Nonfiction,"Mars, Robotics, Space Exploration",The story of the Mars rovers and the engineering behind exploring another planet by remote control.
Math 6: An Oak Meadow Learning Guide,Oak Meadow,Teaching Guide / Curriculum,"Mathematics, Grade 6, Homeschool","The sixth-grade math coursebook from Oak Meadow's homeschool curriculum, presenting lessons in fractions, decimals, ratio, geometry and pre-algebra with projects and parent guidance."
Math Games with Bad Drawings,Ben Orlin,Popular Mathematics / Games,"Mathematics, Games","Seventy-five mathematical games playable with pen and paper, each explained with cartoons and strategy notes."
Math Timed Tests: 5 Minute Multiplication & Division Drills,One Page A Day,Workbook,"Multiplication, Division, Math Fluency","Daily five-minute timed drill pages building multiplication and division fact fluency, one page a day, for ages 10 and up."
Math with Bad Drawings,Ben Orlin,Popular Mathematics,"Mathematics, Humor","Essays illustrating why math matters — probability, statistics, geometry and economics — through stick figures and unexpected examples."
Maybe,Kobi Yamada (illustrated by Gabriella Barouch),Children's Picture Book,"Potential, Encouragement",A lyrical picture book about a child's unlimited potential and the possibility carried in the word maybe.
Mega Mazes: Over 50 Mind-Bending Labyrinths,Mindworks Brain Training,Activity Book,"Mazes, Puzzles","More than fifty mazes across five styles — triangular, hexagonal, circular, bridge and warp — increasing in difficulty."
Merriam-Webster's Elementary Dictionary,Merriam-Webster,Children's Reference / Dictionary,"Vocabulary, Definitions","A dictionary written for elementary students, with clear definitions, example sentences, pronunciations and illustrations. Newly revised and updated edition."
Mia's Apple Tree,Nancy Jewel Poer,Children's Picture Book,"Nature, Birth, Waldorf/Anthroposophy","A gentle story of a little girl coming from heaven to her waiting parents and growing up alongside her apple tree, with nature's elemental helpers — fairies and gnomes — at work in the background."
Miles and Jax (Foundations Level C),Kimber Iverson & Jill Pearson,Early Reader / Phonics Curriculum,"Phonics, Friendship, Meerkats",A Level C decodable chapter-style reader introducing Miles and her meerkat friend Jax and their backyard adventures.
Miles and Jax: Master Planners (Foundations Level C),Kimber Iverson & Jill Pearson,Early Reader / Phonics Curriculum,"Phonics, Problem Solving, Friendship","Miles and Jax return in a Level C decodable reader, this time scheming and planning their way through a new project."
Minecraft: Guide to Exploration,Mojang AB,Children's Reference,"Minecraft, Video Games, Strategy","An official Minecraft handbook on surviving the first nights, gathering resources, and exploring biomes safely."
Mission to Space,John Herrington,Children's Nonfiction / Biography,"Space, Astronauts, Chickasaw Nation","Chickasaw astronaut John Herrington's account of his training and Space Shuttle mission, with Chickasaw language woven through."
Mistborn: The Final Empire,Brandon Sanderson,Fantasy,"Heists, Magic Systems, Rebellion",A street thief with rare Allomantic powers joins a crew plotting to overthrow an immortal god-emperor. First book of the Mistborn trilogy and one of the cornerstones of Sanderson's Cosmere.
Moby Dick,Herman Melville,Classic Fiction,"Whaling, Obsession, Sea",Ishmael ships aboard the Pequod under a captain hunting one particular white whale. A Modern Library edition.
Mockingjay,Suzanne Collins,Young Adult Dystopian Fiction,"Hunger Games, Propaganda, War",Katniss becomes the face of the rebellion against the Capitol and learns what that costs. Final book of the original Hunger Games trilogy.
Modern HERstory: Stories of Women and Nonbinary People Rewriting History,Blair Imani (illustrated by Monique Le),Nonfiction / Biography,"Activism, Women's History, Biography","Profiles of seventy living activists, artists and organizers who are reshaping the present, with bold graphic portraits."
Monet Paints a Day,Julie Danneberg (illustrated by Caitlin Heimerl),Children's Picture Book,"Monet, Painting, Perseverance","Monet races the tide and the light to finish a seaside painting in a single day, based on a real incident."
Monsterology: The Complete Book of Beasts,Dr. Ernest Drake (Dugald Steer),Children's Novelty / Fantasy Reference,"Mythical Creatures, Cryptozoology","A faux field manual of monsters — krakens, sphinxes, yeti and more — with flaps, samples and specimens presented as a Victorian naturalist's study."
"Moon Mother, Moon Daughter",Janet Lucy & Terri Allison,Nonfiction / Parenting,"Menarche, Mother-Daughter, Rituals","Myths, stories, and rituals for marking a daughter's coming of age and the mother-daughter relationship around it."
Moon: A Peek-Through Picture Book,Britta Teckentrup,Children's Picture Book,"Moon, Animals, Night",Die-cut pages follow the phases of the moon over a year as animals gather beneath it.
Mooncakes,Loretta Seto (illustrated by Renné Benoit),Children's Picture Book,"Mid-Autumn Festival, Chinese Culture, Family",A girl and her parents eat mooncakes under the harvest moon while her parents tell her the old Chinese legends behind the Mid-Autumn Festival.
"Mostly Short, Mostly True Stories from Ireland",Jim Remington,Anthology / Folklore,"Irish Folklore, Storytelling","A storyteller's collection of Irish tales and anecdotes, short and tall in roughly equal measure."
Mounds of Earth and Shell,Bonnie Shemie,Children's Nonfiction,"Indigenous Architecture, Mound Builders","The earthworks and shell mounds built by Native peoples of North America, and what they were used for."
Music for Children,Rebecca Rumens-Syratt,Teaching Guide,"Music Education, Children","A practical guide to introducing young children to music-making, with activities and repertoire for teachers and parents."
Music from Around the World for Three-Part Recorder Ensembles,selected and arranged by Michael Preston,Songbook / Sheet Music,"Recorder, World Music, Ensemble","Folk tunes from many countries arranged in three parts for recorder ensembles, suitable for classroom or family playing."
My Dear Hemlock,Tilly Dillehay,Fiction / Religion,"Christianity, Womanhood, Epistolary","Letters in the Screwtape mode, addressed to a demon assigned to a modern Christian woman."
My Friend Is Sad,Mo Willems,Children's Early Reader (Elephant & Piggie series),"Friendship, Empathy","Piggie disguises herself as a cowboy, a clown and a robot to cheer up a gloomy Gerald, only to learn that what he really missed was his friend."
My Love Story!! Vol. 1,Kazune Kawahara (art by Aruko),Manga,"Romantic Comedy, High School, Friendship","Takeo is huge, kind, and convinced no girl will ever like him -- until one does. First volume of the shojo comedy."
My Neighbor Totoro: A Novel,Tsugiko Kubo (illustrated by Hayao Miyazaki),Children's Chapter Book / Fantasy,"Studio Ghibli, Japan, Forest Spirits","A prose novelization of the Studio Ghibli film, expanding the story of sisters Satsuki and Mei and the forest spirit they meet after moving to the countryside. Illustrated with Miyazaki's own artwork; published in the Studio Ghibli Library by VIZ."
My New Friend Is So Fun!,Mo Willems,Children's Early Reader (Elephant & Piggie series),"Jealousy, Friendship","Gerald frets that Piggie's fun new friend Brian Bat will replace him, while Brian's owner frets right along with him."
My Very Own Fairy Stories,Johnny Gruelle,Children's Anthology,"Fairy Tales, Classic Children's Literature","The Raggedy Ann creator's own fairy tales, in which Grandpa Hooper spins stories of fairies and gnomes for the children gathered around him."
Myth Match: A Fantastical Flipbook of Extraordinary Beasts,Good Wives and Warriors,Children's Novelty / Flipbook,"Mythical Creatures, World Mythology","A split-page flipbook of mythological beasts from around the world that can be mixed and matched into thousands of hybrid creatures, with notes on each original. Miniature edition."
Myths & Legends: An Illustrated Guide to Their Origins and Meanings,Philip Wilkinson (DK),Reference,"World Mythology, Comparative Myth","A global survey of myth traditions with retellings, symbolism, character guides and notes on where each story came from and what it meant."
Myths and Legends of the World,Alli Brydon (illustrated by Julia Iredale),Children's Anthology,World Mythology,"An illustrated collection of myths and legends drawn from cultures across the globe, retold for young readers."
Myths of the Sacred Tree,Moyra Caldecott,Anthology / Folklore,"Trees, World Myth, Symbolism","Tree myths gathered from cultures around the world, with commentary on the tree as a symbol across traditions."
Narwhal and Jelly #1: Narwhal: Unicorn of the Sea,Ben Clanton,Children's Graphic Novel,"Friendship, Humor, Friendship, Imagination","Narwhal's relentless optimism and Jelly's skepticism carry a set of short comic stories, jokes and facts about sea creatures."
Narwhal and Jelly #2: Super Narwhal and Jelly Jolt,Ben Clanton,Children's Graphic Novel,"Friendship, Humor, Superheroes, Friendship","Narwhal's relentless optimism and Jelly's skepticism carry a set of short comic stories, jokes and facts about sea creatures."
Narwhal and Jelly #3: Peanut Butter and Jelly,Ben Clanton,Children's Graphic Novel,"Friendship, Humor, Food, Friendship","Narwhal's relentless optimism and Jelly's skepticism carry a set of short comic stories, jokes and facts about sea creatures."
Narwhal and Jelly #4: Narwhal's Otter Friend,Ben Clanton,Children's Graphic Novel,"Friendship, Humor, Jealousy, Friendship","Narwhal's relentless optimism and Jelly's skepticism carry a set of short comic stories, jokes and facts about sea creatures."
National Geographic Kids Readers: Dinosaurs,Kathleen Weidner Zoehfeld,Early Reader Nonfiction,"Dinosaurs, Paleontology","A pre-reader introduction to dinosaurs — big and small, plant- and meat-eaters — with large photographs and single-line text."
"National Geographic Kids Readers: Dive, Dolphin!",Shira Evans,Early Reader Nonfiction,"Dolphins, Ocean Animals",Pre-reader photographs and simple sentences following a dolphin through its day in the sea.
National Geographic Kids Readers: Elephants,National Geographic Kids,Early Reader Nonfiction,"Elephants, Animals","A photographic leveled reader on elephant herds, communication and how the calves grow up."
National Geographic Kids Readers: Great Explorers,National Geographic Kids,Early Reader Nonfiction,"Explorers, History","A leveled reader profiling famous explorers and their journeys, with photographs and short informational text."
National Geographic Kids Readers: Mars,Elizabeth Carney,Early Reader Nonfiction,"Space, Planets","A leveled reader on the red planet — its volcanoes, dust storms, moons and the rovers sent to explore it."
"National Geographic Kids Readers: Peek, Otter!",Shira Evans,Early Reader Nonfiction,"Otters, Animals","Sea otters float, dive and crack shells in this photographic pre-reader for the very newest readers."
National Geographic Kids Readers: Safari,Gail Tuchman,Early Reader Nonfiction,"African Animals, Safari",A photographic beginning reader introducing the animals a child might spot on an African safari.
National Geographic Kids Readers: Tyrannosaurus Rex,National Geographic Kids,Early Reader Nonfiction,"Dinosaurs, Paleontology","A beginning reader on T. rex: its size, teeth, hunting and the fossils that tell us about it."
National Geographic Kids Readers: Vikings,Libby Romero,Early Reader Nonfiction,"Vikings, History","A leveled reader on Viking ships, raids, settlements and daily life, illustrated with artifacts and artwork."
National Parks of the U.S.A.,Kate Siber (illustrated by Chris Turnham),Children's Nonfiction,"National Parks, Nature, US Geography",A large-format tour of twenty-one US national parks with illustrated landscapes and profiles of the animals and plants that live in each.
National Parks of the U.S.A. Activity Book,Wide Eyed Editions,Children's Activity Book,"National Parks, Nature, Puzzles","Activities, mazes and drawing prompts touring the US national parks and their wildlife."
Native American Myths and Legends,Sirius Publishing,Anthology,"Native American Folklore, Mythology","A gift-edition collection of myths, legends and origin stories from Native American nations."
Natural Beekeeping,Ross Conrad,Reference,"Beekeeping, Organic Methods, Mites",Organic approaches to hive management and mite control for small-scale beekeepers. Chelsea Green.
Natural Goat Care,Pat Coleby,Reference,"Goats, Animal Husbandry, Natural Remedies","Coleby's guide to goat health through soil, mineral balance, and nutrition rather than routine chemical treatment. Acres U.S.A."
Natural Wonders of the World,DK / Smithsonian,Reference,"Geology, Landscapes, Natural History","A photographic and cutaway survey of the world's most remarkable natural formations — canyons, caves, reefs, volcanoes and forests — explaining how each was made."
Nature Anatomy,Julia Rothman,Illustrated Nonfiction,"Nature, Natural History","Hand-drawn diagrams of the natural world — rocks, clouds, leaves, animal tracks, feathers and flowers."
Nature's Wonders,Greystone Kids,Children's Nonfiction,"Nature, Natural Phenomena",An illustrated tour of natural marvels and the science behind them.
"Nests, Eggs, Birds: An Illustrated Life Cycle",Kelsey Oseid,Illustrated Nonfiction,"Birds, Nests, Life Cycles","An illustrated tour of avian life cycles, nest architecture and egg variety across species."
Never Keep,Caroline Peckham & Susanne Valenti,Fantasy / Romance,"Zodiac, Academy, Romance","Book one of Sins of the Zodiac, a dark romantasy built around zodiac-based powers and factions."
New Moon,Stephenie Meyer,Young Adult Fantasy / Romance,"Vampires, Werewolves, Romance",Edward leaves Forks and Bella's grief pulls her toward Jacob and the Quileute wolves. Second in the Twilight saga.
No Matter What,Debi Gliori,Children's Picture Book,"Unconditional Love, Reassurance, Foxes","Small the fox asks whether he would still be loved if he turned into a bug or a crocodile, and Large answers each time that love holds no matter what. A reassuring rhyming picture book about unconditional love."
No More Monsters for Me!,Peggy Parish (illustrated by Marc Simont),Early Reader / I Can Read,"Pets, Monsters, Humor","Minneapolis Simpkin isn't allowed a pet, so she smuggles home a small monster — which promptly starts growing."
No More! Stories and Songs of Slave Resistance,Doreen Rappaport (illustrated by Shane W. Evans),Children's Nonfiction,"Slavery, Resistance, American History","True accounts, songs and poems of enslaved people who resisted — through escape, revolt, sabotage and sheer endurance."
Nobody Gonna Turn Me 'Round: Stories and Songs of the Civil Rights Movement,Doreen Rappaport (illustrated by Shane W. Evans),Children's Nonfiction,"Civil Rights Movement, American History","The civil rights years told through the words and songs of the people who marched, sat in and organized."
Nordic Tales,Chronicle Books (illustrated by Ulla Thynell),Folktale Anthology,"Nordic Folklore, Mythology","Sixteen folktales from Norway, Sweden, Denmark, Finland and Iceland — trolls, bears, giants and quick-witted heroes."
Norse Mythology,Neil Gaiman,Mythology Retelling,"Norse Mythology, Loki, Ragnarok","Gaiman retells the Norse myths in sequence, from the origins of the nine worlds through Ragnarok."
Numerica: A Waldorf Book of Counting,Gloria Kemp (illustrated by Elsa Murray-Lafrenz),Children's Picture Book,"Counting, Number Qualities","Two children pass through an ornate gate into the land of Numerica, where each number from one to twelve is met as a living quality in nature — one sun, two wings, three-petaled flowers — in the Waldorf tradition of introducing numbers through story and image."
Oak Meadow Math 6 Workbook,Oak Meadow,Workbook / Curriculum,"Mathematics, Grade 6, Homeschool","The spiral-bound student workbook accompanying Oak Meadow's Math 6, with practice problems and exercises for each lesson."
Oathbringer,Brandon Sanderson,Fantasy,"Roshar, Urithiru, War",Dalinar's past surfaces as humanity retreats to the ancient tower city. Third of The Stormlight Archive.
Ocean Anatomy,Julia Rothman,Illustrated Nonfiction,"Ocean, Marine Life","Hand-illustrated diagrams of everything oceanic — waves, tides, shells, fish, coral, ships and shorelines."
Odd and the Frost Giants,Neil Gaiman (illustrated by Chris Riddell),Children's Novella,"Norse Mythology, Adventure","A lame Viking boy named Odd befriends a bear, an eagle and a fox who turn out to be Norse gods locked out of Asgard, and helps them win it back."
Odin's Child,Siri Pettersen,Young Adult Fantasy,"Norse-Inspired, Outsider, Magic","In a world where everyone is born with a tail, Hirka has none, and finding out why puts her in danger. First of The Raven Rings, translated from Norwegian."
Odyssey,Stephen Fry,Mythology Retelling,"Greek Mythology, Homer, Retelling",Fry's retelling of Odysseus's ten-year voyage home and the reckoning waiting in Ithaca. Fourth in his series of Greek myth retellings.
Of Blood and Bone,Nora Roberts,Fantasy,"Post-Apocalyptic, Magic, Coming of Age",Fallon Swift trains for the role she was born to in a world remade by a plague that also loosed magic. Second in the Chronicles of the One trilogy.
On a Beam of Light: A Story of Albert Einstein,Jennifer Berne (illustrated by Vladimir Radunsky),Children's Picture Book / Biography,"Einstein, Physics, Curiosity","The life of Einstein told as a story of relentless wondering, from a quiet boy to the man who imagined riding a beam of light."
Once Around the Sun,Author not visible on spine,Children's Anthology / Seasonal,"Seasons, Year Cycle, Celebration",A seasonal collection shelved with the Waldorf festival books. The byline was not legible on the spine -- worth checking the title page.
Once Upon a Broken Heart,Stephanie Garber,Young Adult Fantasy / Romance,"Fate, Bargains, Fairy Tale","Evangeline makes a bargain with the Prince of Hearts to stop a wedding, and pays in ways she can't anticipate. First of the trilogy."
Once Upon a Goat,Dan Richards (illustrated by Eric Barclay),Children's Picture Book,"Family, Humor, Fairy Tales",A king and queen wish for a child and the fairy godmother sends a kid — of the goat variety — and the royal family falls in love anyway.
One Dark Window,Rachel Gillig,Fantasy / Romance,"Gothic, Magic Cards, Monsters",Elspeth harbors an ancient monster in her mind and joins a highwayman prince's hunt for the kingdom's scattered magic cards. First of The Shepherd King duology.
One Well: The Story of Water on Earth,Rochelle Strauss (illustrated by Rosemary Woods),Children's Nonfiction,"Water, Ecology, Conservation","The idea that all the world's water is one shared well, tracing its cycle, its distribution and the pressures on it."
Our Family Tree: An Evolution Story,Lisa Westberg Peters (illustrated by Lauren Stringer),Children's Nonfiction Picture Book,"Evolution, Deep Time","The story of life on Earth told as one enormous family history, from single cells to human beings."
Our Independence and the Constitution,Dorothy Canfield Fisher,Children's Nonfiction / History,"American Revolution, Constitution, Landmark Books",How the colonies came to declare independence and then to write and ratify the Constitution. A Landmark Book.
Our Little Adventure to the Farmers Market,Tabitha Paige,Children's Board Book,"First Words, Kindness, Food","Little Fox gathers fruits and vegetables at the farmers market to plan a surprise picnic for his friend Owl. Written by a speech-language pathologist, it builds early vocabulary alongside a story about sharing and gratitude."
Outlander,Diana Gabaldon,Historical Fiction / Romance,"Time Travel, Scotland, Jacobite Rising",A 1945 combat nurse touches a standing stone and wakes in 1743 Scotland. The first of Gabaldon's long-running series.
Outliers: The Story of Success,Malcolm Gladwell,Nonfiction / Sociology,"Success, Practice, Opportunity","Gladwell argues that exceptional achievement depends on timing, culture, and accumulated advantage as much as on talent. Source of the much-debated ten-thousand-hours idea."
Outside Your Window: A First Book of Nature,Nicola Davies (illustrated by Mark Hearld),Children's Poetry / Nature,"Nature, Seasons, Poetry","Poems and observations following the natural year through a child's window, with collage illustration."
Over the Hills and Far Away (illustrated by Daniela Drescher),illustrated by Daniela Drescher,Children's Poetry / Anthology,"Nursery Rhymes, Nature",A collection of verses and rhymes illustrated in Daniela Drescher's soft watercolor style.
Over the Hills and Far Away: A Treasury of Nursery Rhymes,edited by Elizabeth Hammill,Children's Poetry Anthology,"Nursery Rhymes, World Cultures","More than 150 nursery rhymes from English-speaking cultures worldwide, illustrated by over seventy artists."
Owl Diaries #10: Eva and Baby Mo,Rebecca Elliott,Children's Chapter Book,"Friendship, School, Owls","Eva Wingdale records her school and friendship troubles in her diary, in this illustrated early chapter-book series."
Owl Diaries #11: Trip to the Pumpkin Farm,Rebecca Elliott,Children's Chapter Book,"Friendship, School, Owls","Eva Wingdale records her school and friendship troubles in her diary, in this illustrated early chapter-book series."
Owl Diaries #2: Eva Sees a Ghost,Rebecca Elliott,Children's Chapter Book,"Friendship, School, Owls","Eva Wingdale records her school and friendship troubles in her diary, in this illustrated early chapter-book series."
Owl Diaries #4: Eva and the New Owl,Rebecca Elliott,Children's Chapter Book,"Friendship, School, Owls","Eva Wingdale records her school and friendship troubles in her diary, in this illustrated early chapter-book series."
Owl Diaries #7: The Wildwood Bakery,Rebecca Elliott,Children's Chapter Book,"Friendship, School, Owls","Eva Wingdale records her school and friendship troubles in her diary, in this illustrated early chapter-book series."
Papercut This Book,Boo Paterson,Craft Instruction,"Papercutting, Crafts","A book designed to be cut apart, teaching papercutting technique through projects on its own pages."
Passport's Language Guides: French for Beginners,Angela Wilkes,Language Instruction,"French, Beginning Language Learning","A cartoon-illustrated first French course covering greetings, numbers, food, family and everyday phrases, with pronunciation guidance and puzzles."
Pax,Sara Pennypacker (illustrated by Jon Klassen),Children's Chapter Book,"Foxes, War, Friendship","A boy releases his pet fox at the roadside when his father goes to war, then sets out to find him. Told in alternating chapters by boy and fox."
Pax: Journey Home,Sara Pennypacker (illustrated by Jon Klassen),Children's Chapter Book,"Foxes, War, Healing","A year later, Peter joins a crew restoring poisoned water while Pax raises kits of his own. Sequel to Pax."
Peaceful Like a Panda,Kira Willey (illustrated by Anni Betts),Children's Picture Book,"Mindfulness, Breathing, Movement","Thirty mindfulness activities for young children, each modeled on an animal or natural image and organized through the day."
Pelle's New Suit,Elsa Beskow,Children's Picture Book,"Wool, Work and Trade, Swedish Classic","Pelle shears his lamb and then trades chores with the neighbors to have the wool carded, spun, woven, and sewn into a new suit. A century-old Swedish picture book that quietly traces a whole production process."
Penny and Her Marble,Kevin Henkes,Early Reader / Greenwillow,"Honesty, Conscience","Penny finds a beautiful blue marble on a neighbor's lawn and takes it, then can't enjoy it for the weight of her own conscience."
Percy Jackson and the Olympians #1: The Lightning Thief,Rick Riordan,Children's Chapter Book / Fantasy,"Greek Mythology, Demigods, Quest","Percy discovers he is a son of Poseidon and is sent to recover Zeus's stolen master bolt. First of the series; part of a boxed set. (Two copies on hand: one in the boxed set, one separate paperback.)"
Percy Jackson and the Olympians #2: The Sea of Monsters,Rick Riordan,Children's Chapter Book / Fantasy,"Greek Mythology, Demigods, Quest",Camp Half-Blood's protective borders fail and Percy sails into the Sea of Monsters after the Golden Fleece.
Percy Jackson and the Olympians #3: The Titan's Curse,Rick Riordan,Children's Chapter Book / Fantasy,"Greek Mythology, Demigods, Quest",Artemis is taken and a small quest party heads west to find her before the winter solstice.
Percy Jackson and the Olympians #4: The Battle of the Labyrinth,Rick Riordan,Children's Chapter Book / Fantasy,"Greek Mythology, Demigods, Quest","Kronos's army plans to invade camp through Daedalus's maze, and Percy goes in after them."
Percy Jackson and the Olympians #5: The Last Olympian,Rick Riordan,Children's Chapter Book / Fantasy,"Greek Mythology, Demigods, War",The war for Olympus comes to Manhattan and the great prophecy comes due. Final book of the original series.
Pete the Cat at the Beach,James Dean,Early Reader / My First I Can Read,"Beach, Surfing, Cats","Pete heads to the beach with his brother Bob, braving waves and a surfboard in his usual laid-back style."
Pete the Cat's Giant Groovy Book,James Dean,Early Reader Collection,"Cats, Friendship, School","A bind-up of Pete the Cat I Can Read adventures, all in Pete's unflappably groovy style."
Pete the Cat's Groovy Bake Sale,James Dean,Early Reader / My First I Can Read,"Baking, Sharing, Cats","Pete and his friends hold a bake sale, and Pete keeps his cool when things don't go to plan."
Peter in Blueberry Land,Elsa Beskow,Children's Picture Book,"Berries, Fantasy, Swedish Classic",Peter goes hunting for berries for his mother's birthday and is shrunk down by the King of Blueberry Land to gather them with the blueberry boys and lingonberry girls. One of Beskow's best-known nature fantasies.
Peter Pan,J.M. Barrie (illustrated by MinaLima),Children's Illustrated Classic,"Neverland, Flying, Childhood","Barrie's story of the boy who would not grow up, in the MinaLima edition with ten interactive paper elements built into the pages."
Peter's Old House,Elsa Beskow,Children's Picture Book,"Kindness, Village Life, Swedish Classic","Old Peter travels from house to house mending things, and the neighbors he has helped come to his aid when his own cottage falls apart. A gentle Beskow story about generosity repaid."
Phonic Rhyme Time,Mary Nash-Wortham,Teaching Guide / Phonics,"Phonics, Speech and Language, Literacy","A spiral-bound collection of phonic rhymes built on a see it, say it, read and write it approach, giving precise practice in speech sounds, reading and writing — often used in speech-language and dyslexia support."
Picture Word Book: A Child's Dictionary,illustrated by Sy Barlowe,Children's Reference / Dictionary,"Vocabulary, Picture Dictionary","A vintage picture dictionary pairing 4,832 words with 1,200 illustrations, teaching vocabulary through labeled images of animals, objects, people and places."
Pigs Make Me Sneeze!,Mo Willems,Children's Early Reader (Elephant & Piggie series),"Illness, Friendship, Jumping to Conclusions","Gerald's uncontrollable sneezing convinces him he has become allergic to Piggie, until the doctor delivers happier news."
Piranesi,Susanna Clarke,Fantasy,"Labyrinths, Memory, Mystery","A man lives alone in an endless house of statues and tides, keeping careful journals, until evidence of another world intrudes. Winner of the Women's Prize for Fiction."
Pocket Peaches,Dora Wang,Children's Graphic Novel,"Friendship, Slice of Life, Comics","A cozy graphic novel following a group of small animal friends through everyday adventures, drawn in a soft pastel cartoon style."
Pocket Peaches: Game On,Dora Wang,Children's Graphic Novel,"Friendship, Gaming, Comics","The Pocket Peaches return for a story centered on video games, competition and figuring out how to play together."
Poetry for Young People: Emily Dickinson,Emily Dickinson (edited by Frances Schoonmaker Bolin),Children's Poetry,"Poetry, American Literature","A selection of Dickinson's poems annotated and illustrated for young readers, with notes on her life and imagery."
Poetry Speaks to Children,edited by Elise Paschen,Children's Poetry Anthology,"Poetry, Read-Aloud",An anthology of poems for children with an accompanying CD of many read by the poets themselves.
Pokemon Super Extra Deluxe Essential Handbook,Scholastic,Children's Reference,"Pokemon, Video Games, Species Guide","Stats, types, and descriptions for hundreds of Pokemon, updated through the newer generations."
Pokemon Visual Companion,DK,Children's Reference,"Pokemon, Video Games, Illustrated Reference","An illustrated guide to the Pokemon world covering regions, characters, and species across the games and animated series."
Pom-Pom Kitties,Klutz,Craft Kit / Instruction,"Pom-Poms, Crafts, Cats",Instructions and materials for making pom-pom cats.
Powerless,Lauren Roberts,Young Adult Fantasy / Romance,"Trials, Powers, Forbidden Romance","An Ordinary hides among the Elites and enters the Purging Trials, falling for the prince meant to eliminate her. First in the Powerless trilogy."
PreScripts: Cursive Letters and Coloring — World History,Classical Conversations MultiMedia,Workbook / Handwriting,"Cursive, Handwriting, World History","A handwriting workbook that teaches cursive letter formation alongside a colorable world-history timeline, pairing penmanship practice with historical images."
Project Hail Mary,Andy Weir,Science Fiction,"Space, Problem Solving, First Contact",A man wakes alone on a spacecraft with no memory and gradually works out that he is humanity's last chance. Weir's third novel.
Puck the Gnome,Jakob Streit,Children's Storybook / Waldorf,"Gnomes, Nature, Seasons","The adventures of a gnome at work in the earth and among growing things, one of Streit's classic nature-story collections for the early grades."
Queens of the Wild: Pagan Goddesses in Christian Europe,Ronald Hutton,Nonfiction / History,"Paganism, Folklore, Medieval Europe","Hutton examines four figures often called surviving pagan goddesses -- Mother Earth, the Fairy Queen, the Cailleach, and the Lady of the Night -- and asks what the evidence actually supports. A historian's corrective to popular assumptions."
Quest,Aaron Becker,Children's Wordless Picture Book,"Adventure, Imagination, Fantasy","The wordless sequel to Journey: two children are handed a map by a captured king and chase colored crayons across jungles, deserts and underwater ruins to free him and restore the kingdom."
Read-Aloud Rhymes for the Very Young,selected by Jack Prelutsky (illustrated by Marc Brown),Children's Poetry Anthology,"Poetry, Read-Aloud, Toddlers",Two hundred short poems chosen for reading aloud to the youngest listeners.
Ready Player One,Ernest Cline,Science Fiction,"Virtual Reality, 1980s Nostalgia, Quest","A teenager hunts for an Easter egg hidden in a vast virtual world by its late creator, against a corporation doing the same."
Rebellion 1776,Laurie Halse Anderson,Children's Chapter Book / Historical Fiction,"American Revolution, Smallpox, Boston","Thirteen-year-old Elsbeth is separated from her father in a Boston caught between occupation, evacuation, and a smallpox epidemic in the year of the Declaration."
Red Rising,Pierce Brown,Science Fiction,"Mars, Class Rebellion, Dystopia","Darrow, a Red miner on Mars, learns his caste's sacrifice is a lie and is remade to infiltrate the ruling Golds. First of the Red Rising saga."
Restore Me,Tahereh Mafi,Young Adult Dystopian Fiction,"Powers, Rebellion, Romance",Juliette holds power over Sector 45 and finds that running a regime is nothing like tearing one down. Book four of the Shatter Me series.
Rings of Fate,Melissa de la Cruz,Fantasy / Romance,"Fake Engagement, Curses, Kingdoms",A barmaid and a cursed prince fake an engagement to buy time against the magic that is killing him. First of the Curses and Crowns series.
Robin Hood,Paul Creswick (illustrated by N.C. Wyeth),Children's Illustrated Classic,"Sherwood Forest, Outlaws, Adventure","Creswick's retelling of the Robin Hood legends in the Scribner Illustrated Classic edition, with N.C. Wyeth's full-color plates."
Rose Windows,Helga Meyerbröker,Craft Instruction / Waldorf,"Transparency Craft, Paper Folding","Instructions for folding translucent paper rose windows to hang in the light, a Waldorf seasonal craft."
"Rosie Revere, Engineer",Andrea Beaty (illustrated by David Roberts),Children's Picture Book,"Engineering, Persistence, Failure",Rosie hides her inventions until her great-great-aunt teaches her that a flop is only a failure if you quit.
Saint George and the Dragon,Margaret Hodges (illustrated by Trina Schart Hyman),Children's Picture Book / Legend,"Legends, Chivalry, Dragons","Retold from Spenser's Faerie Queene, the Red Cross Knight battles a fearsome dragon for three days to free a kingdom — a Caldecott Medal winner."
Saltwater Taffy,Eric DelaBarre (illustrated by R.C. Nason),Children's Chapter Book,"Treasure Hunt, Friendship, Pirates",Five friends in a small Washington coastal town find a treasure map said to belong to the pirate Jean Lafitte. An adventure with a heavy dose of life lessons.
Sam & Dave Dig a Hole,Mac Barnett (illustrated by Jon Klassen),Children's Picture Book,"Persistence, Irony, Humor","Sam and Dave dig looking for something spectacular, missing enormous diamonds by inches each time they change direction — a joke only the reader is in on."
Say It in French,Dover Publications,Phrase Book,"French, Travel","A compact traveler's phrase book with over 1,900 entries, pronunciation transcriptions, a menu guide and word-substitution prompts."
Science Comics: Bats,Falynn Koch,Children's Graphic Novel / Nonfiction,"Bats, Ecology","A full-length nonfiction comic explaining the subject from the ground up, with a narrative frame and accurate science throughout."
Science Comics: Cars,Dan Zettwoch,Children's Graphic Novel / Nonfiction,"Cars, Engineering","A full-length nonfiction comic explaining the subject from the ground up, with a narrative frame and accurate science throughout."
Science Comics: Coral Reefs,Maris Wicks,Children's Graphic Novel / Nonfiction,"Coral Reefs, Marine Biology","A full-length nonfiction comic explaining the subject from the ground up, with a narrative frame and accurate science throughout."
Science Comics: Dinosaurs,MK Reed & Joe Flood,Children's Graphic Novel / Nonfiction,"Dinosaurs, Paleontology","A full-length nonfiction comic explaining the subject from the ground up, with a narrative frame and accurate science throughout."
Science Comics: Dogs,Andy Hirsch,Children's Graphic Novel / Nonfiction,"Dogs, Genetics, Evolution","A full-length nonfiction comic explaining the subject from the ground up, with a narrative frame and accurate science throughout."
Science Comics: Flying Machines,Alison Wilgus & Molly Brooks,Children's Graphic Novel / Nonfiction,"Aviation, Wright Brothers","A full-length nonfiction comic explaining the subject from the ground up, with a narrative frame and accurate science throughout."
Science Comics: Plagues,Falynn Koch,Children's Graphic Novel / Nonfiction,"Disease, Microbiology","A full-length nonfiction comic explaining the subject from the ground up, with a narrative frame and accurate science throughout."
Science Comics: Polar Bears,Jason Viola & Zack Giallongo,Children's Graphic Novel / Nonfiction,"Polar Bears, Arctic","A full-length nonfiction comic explaining the subject from the ground up, with a narrative frame and accurate science throughout."
Science Comics: Robots and Drones,Mairghread Scott & Jacob Chabot,Children's Graphic Novel / Nonfiction,"Robotics, Technology","A full-length nonfiction comic explaining the subject from the ground up, with a narrative frame and accurate science throughout."
Science Comics: Rockets,Anne & Jerzy Drozd,Children's Graphic Novel / Nonfiction,"Rockets, Spaceflight","A full-length nonfiction comic explaining the subject from the ground up, with a narrative frame and accurate science throughout."
Science Comics: Solar System,Rosemary Mosco & Jon Chad,Children's Graphic Novel / Nonfiction,"Solar System, Astronomy","A full-length nonfiction comic explaining the subject from the ground up, with a narrative frame and accurate science throughout."
Science Comics: The Brain,Tory Woollcott & Alex Graudins,Children's Graphic Novel / Nonfiction,"Neuroscience, Brain","A full-length nonfiction comic explaining the subject from the ground up, with a narrative frame and accurate science throughout."
Science Comics: Trees,Andy Hirsch,Children's Graphic Novel / Nonfiction,"Trees, Botany","A full-length nonfiction comic explaining the subject from the ground up, with a narrative frame and accurate science throughout."
Science Comics: Volcanoes,Jon Chad,Children's Graphic Novel / Nonfiction,"Volcanoes, Geology","A full-length nonfiction comic explaining the subject from the ground up, with a narrative frame and accurate science throughout."
Science Comics: Wild Weather,MK Reed & Jonathan Hill,Children's Graphic Novel / Nonfiction,"Weather, Meteorology","A full-length nonfiction comic explaining the subject from the ground up, with a narrative frame and accurate science throughout."
Scrapper,"Alex de Campi & Cliff Bleszinski (illustrated by Sandy Jarrell and Ryan Kelly, colored by Jordie Bellaire)",Young Adult Graphic Novel / Science Fiction,"Dogs, Dystopia, Superheroes",A stray dog and his friend Tank patrol a domed post-apocalyptic city and end up rallying its animals against the authorities. Collects the six-issue Image Comics miniseries; for older readers than most of this shelf.
Seek and Find: Dinosaurs,Usborne,Children's Search-and-Find,"Dinosaurs, Prehistoric Life",Prehistoric landscapes filled with dinosaurs to identify and count.
Seek the Traitor's Son,Veronica Roth,Fantasy / Science Fiction,"Prophecy, War, Romance",Two women on opposing sides hear the same prophecy and neither knows which of them it means. First of The Burning Empire duology.
Sex Is a Funny Word,Cory Silverberg (illustrated by Fiona Smyth),Children's Graphic Novel / Nonfiction,"Bodies, Consent, Sex Education","A comics-format book about bodies, gender, touch, and consent for children roughly eight to ten, designed to be read with an adult."
She Persisted,Chelsea Clinton (illustrated by Alexandra Boiger),Children's Nonfiction / Biography,"Women's History, Perseverance","Thirteen short profiles of American women who kept going when they were told no, from Harriet Tubman to Sonia Sotomayor."
Should I Share My Ice Cream?,Mo Willems,Children's Early Reader (Elephant & Piggie series),"Sharing, Generosity, Decision Making",Gerald agonizes over whether to share his ice cream cone for so long that it melts — and Piggie shares hers instead.
Sitting Together: Activity Book,Sumi Loundon Kim,Children's Activity Book,"Mindfulness, Buddhism, Family Practice","Activities, crafts and exercises for children accompanying the Sitting Together family mindfulness curriculum."
Sitting Together: Adult Study Guide,Sumi Loundon Kim,Teaching Guide,"Mindfulness, Buddhism, Parenting","The adult companion volume of the Sitting Together curriculum, offering readings and reflections for parents practicing alongside their children."
Sitting Together: Children's Lesson Plans,Sumi Loundon Kim,Teaching Guide,"Mindfulness, Buddhism, Family Practice","Lesson plans for leading children through a family dharma curriculum of mindfulness, kindness and meditation practices."
Skunk and Badger,Amy Timberlake (illustrated by Jon Klassen),Children's Chapter Book,"Odd Couple, Friendship, Rocks",Badger's quiet rock-science routine is upended when Skunk moves in. First of the Skunk and Badger series.
Sky Phenomena: A Guide to Naked-Eye Observation of the Stars,Norman Davidson,Astronomy Guide,"Naked-Eye Astronomy, Observation","A guide to observing the sky as it appears to the unaided eye, tracing the movements of sun, moon, planets and stars through the year."
Smithsonian Animal: The Definitive Visual Guide,DK / Smithsonian,Reference,"Animals, Zoology, Natural History","A comprehensive photographic survey of the animal kingdom covering thousands of species by group, with habitat, distribution and behavior notes. Third edition."
Smithsonian Children's Illustrated Atlas,DK / Smithsonian,Children's Reference / Atlas,"World Geography, Maps","A region-by-region illustrated world atlas for children, with physical and political maps surrounded by pictures of the landmarks, wildlife, foods and people of each area."
Smithsonian Kids Everything You Need to Know Activity Book,Smithsonian Kids,Children's Activity Book,"General Knowledge, Puzzles","Puzzles, quizzes and activities spanning science, history, nature and space."
Snake: The Essential Visual Guide,Chris Mattison (DK),Reference,"Snakes, Reptiles","A photographic survey of snake species worldwide, covering anatomy, venom, hunting, reproduction and conservation."
Song of the Sea: The Graphic Novel,Samuel Sattin (based on the film by Tomm Moore),Children's Graphic Novel,"Selkies, Irish Folklore, Grief","Ben and his silent little sister Saoirse discover she is a selkie and set out to keep the spirit world from fading. Adapted from the Cartoon Saloon film, with a bonus story by Tomm Moore."
Song of the Wild: A First Book of Animals,Nicola Davies (illustrated by Petr Horáček),Children's Poetry / Nature,"Animals, Nature, Poetry","Poems about animals grouped by size, habitat and behavior, pairing lyrical verse with factual notes."
Songbird of the Sorrows,Braidee Otto,Fantasy / Romance,"Spies, Bridal Trials, Greek-Inspired",An exiled princess raised as a spy must resume her old title to compete in deadly bridal trials in an enemy kingdom. First of Myths of the Empyrieos.
Sophie's Squash,Pat Zietlow Miller (illustrated by Anne Wilsdorf),Children's Picture Book,"Friendship, Gardens, Letting Go",Sophie adopts a butternut squash as her best friend and has to learn what to do when it starts to go soft.
Spelling by Hand: Teaching Spelling in a Waldorf School,Jeremy Herrmann,Teaching Guide / Waldorf Curriculum,"Spelling, Language Arts, Waldorf Pedagogy","A class teacher's guide to teaching spelling through rhyme, play, imagination and movement rather than rote drill."
Splat the Cat: The Name of the Game,Rob Scotton,Early Reader / I Can Read,"School, Teamwork, Cats","Splat's team faces a school contest, and Splat has to figure out how to help without letting his nerves get the better of him."
Spud & Chloë at the Farm,Susan B. Anderson,Children's Picture Book,"Farm, Sheep, Wool","A lamb and a sheepdog's day on the farm, from the author-designer behind the Spud & Chloë yarn line."
Star Stories,Anita Ganeri,Children's Anthology,"Constellations, World Mythology","Constellation myths from cultures around the world, each paired with a star chart."
Star Trek Cats,Jenny Parks,Illustrated Humor,"Star Trek, Cats, Parody","Scenes from the original Star Trek series reimagined with cats in every role, painted by veterinarian-turned-illustrator Jenny Parks. Published by Chronicle Books."
Stars & Planets Coloring Book,Dover Publications,Coloring Book,"Astronomy, Coloring","Astronomical scenes and diagrams to color, with explanatory captions."
STEM Fun! Science,Anne Rooney,Children's Activity Book,"Science, Experiments","Science activities and experiments using household materials, grouped by topic."
STEM Lab,DK / Smithsonian,Children's Activity Book,"STEM, Experiments, Making","Science, technology, engineering and math projects to build, invent and discover."
Steps and Stones: An Anh's Anger Story,Gail Silver (illustrated by Christiane Krömer),Children's Picture Book,"Anger, Mindfulness",Anh is left out at recess and his anger returns as a companion; together they walk and breathe until the feeling settles.
Stories for Boys Who Dare to Be Different,Ben Brooks,Children's Nonfiction / Biography,"Biography, Nonconformity",Short profiles of men and boys who succeeded by ignoring convention rather than conforming to it.
Stories of the Saints,Carey Wallace (illustrated by Nick Thornborrow),Children's Nonfiction,"Saints, Christian History, Biography","Short, vivid retellings of the lives of saints across two thousand years — martyrs, mystics, healers and reformers — with striking graphic portraits."
StoryBots: Reading Level 1,StoryBots (Random House),Early Reader,"Beginning Reading, Humor",A StoryBots leveled reader using the animated characters to carry very simple sentences for new readers.
"String, Straightedge, and Shadow: The Story of Geometry",Julia E. Diggins,Children's Nonfiction / History,"Geometry, History of Mathematics","How geometry grew out of rope-stretching, shadow-casting and practical measurement in the ancient world."
Sulwe,Lupita Nyong'o (illustrated by Vashti Harrison),Children's Picture Book,"Colorism, Self-Esteem, Beauty","Sulwe wishes her skin were lighter, until a journey through the night sky and the story of Night and Day teaches her the beauty of her own darkness."
"Summer: Poems, Songs and Stories",Wynstones Press,Children's Anthology / Waldorf Curriculum,"Summer, Seasonal Verse, Waldorf Festivals","Verses, songs, and stories gathered for the summer season, used in Waldorf homes and classrooms for festival and circle time. Part of the Wynstones seasonal series."
Sunflower Houses: Inspiration from the Garden — A Book for Children and Their Grown-Ups,Sharon Lovejoy,Gardening / Activity,"Gardening, Children, Nature Play","Garden lore, projects and plant-based play passed between generations, from sunflower houses to fairy gardens."
Sunrise on the Reaping,Suzanne Collins,Young Adult Dystopian Fiction,"Hunger Games, Prequel, Propaganda","Haymitch Abernathy's Quarter Quell, told from the inside, twenty-four years before Katniss. Prequel to The Hunger Games."
Super Earth Encyclopedia,DK / Smithsonian,Children's Reference,"Earth Science, Geology, Geography","A record-setting tour of the planet — the biggest, highest and most extraordinary features on Earth — with cutaway diagrams of the planet interior, volcanoes, oceans, deserts, caves and weather."
Sweet & Creepy Coloring,Wilson,Coloring Book,"Coloring, Halloween",A coloring book of sweet-and-spooky illustrated scenes.
Sweet Clara and the Freedom Quilt,Deborah Hopkinson (illustrated by James Ransome),Children's Picture Book / Historical Fiction,"Slavery, Underground Railroad, Quilting","Clara, a young enslaved seamstress, stitches the scraps of her sewing room into a quilt that is secretly a map to freedom, then leaves it behind for others to follow."
"Take Time: Movement Exercises to Aid Concentration, Co-ordination, Confidence and Control",Mary Nash-Wortham & Jean Hunt,Teaching Guide / Therapy,"Movement, Coordination, Speech and Literacy Support","A practical programme of movement and rhythm exercises for parents, teachers and therapists helping children with difficulties in speaking, reading, writing and spelling."
Taking Charge of Your Fertility,"Toni Weschler, MPH",Reference,"Fertility Awareness, Reproductive Health, Charting","The standard guide to the fertility awareness method, covering charting, natural birth control, pregnancy achievement, and reproductive health. Fully revised edition."
Tales of India,Chronicle Books (illustrated by Svabhu Kohli & Viplov Singh),Folktale Anthology,"Indian Folklore, Mythology","Folktales from across the Indian subcontinent, featuring tricksters, animals, gods and clever villagers, in a decorated gift edition."
Tales of the Celtic Bards,Claire Hamilton,Folktale Anthology,"Celtic Myth, Bards, Storytelling","Bardic tales from Ireland, Wales, and Scotland retold in the voices of the poets who would have performed them."
Tales of the Mushroom Folk,Signe Aspelin,Children's Picture Book,"Mushrooms, Nature, Swedish Classic","Verses and paintings introducing the mushrooms of the forest as a family of little folk, each species with its own character. A Swedish nature classic in the Beskow tradition."
Teach Yourself French,Sir John Adams & N. Scarlyn Wilson,Language Instruction,"French, Grammar","A mid-century self-study French course working through pronunciation, grammar and reading passages, from the classic Teach Yourself series."
Teaching Through Stories: Jane and Jeremy Learn to Knit,Elizabeth Seward,Teaching Guide / Craft,"Knitting, Waldorf Pedagogy, Storytelling","A story-based approach to teaching children to knit, following two children learning stitch by stitch."
Teenage Mutant Ninja Turtles: Mutant Mayhem — Meet the Mutants!,Random House,Early Reader / Media Tie-In,"Superheroes, Mutants",A leveled reader introducing the turtles and the other mutants of the Mutant Mayhem film.
Tending the Spark,Betty Staley,Teaching Guide / Waldorf Curriculum,"Adolescence, Teaching, Waldorf","Staley on lighting a fire in adolescent students, drawn from decades of Waldorf high school teaching. Waldorf Publications."
The 50 Maps of the World Activity Book,Wide Eyed Editions,Children's Activity Book,"World Geography, Puzzles","Map-based puzzles, drawing prompts and quizzes covering countries and continents worldwide."
The 50 States,Gabrielle Balkan (illustrated by Sol Linero),Children's Nonfiction / Atlas,"US Geography, State Facts","Fifty illustrated infographic maps, one per state, packed with landmarks, famous residents, foods, wildlife and history."
The 50 States Activity Book,Gabrielle Balkan (illustrated by Sol Linero),Children's Activity Book,"US Geography, Puzzles","Puzzles, mazes, quizzes and drawing prompts that take readers state by state across the USA. (Multiple copies on the shelf.)"
The Adventures of Mali & Keela: A Virtues Book for Children,J. Collins,Children's Storybook,"Virtues, Character Education","Illustrated adventures of two friends designed to introduce children to virtues such as courage, honesty, patience and kindness."
The Adventures of Sherlock Holmes,Arthur Conan Doyle,Classic Fiction / Mystery,"Detective Fiction, Victorian London","The twelve short stories that made Holmes famous, from A Scandal in Bohemia to The Speckled Band, narrated by Dr. Watson."
The Adventures of Tom Sawyer,Mark Twain,Illustrated Classic,"Mississippi River, Boyhood, Americana","Tom's summer of whitewashed fences, graveyards, and cave escapes in antebellum Missouri. A vintage A.L. Burt Company edition."
The Alchemist,Paulo Coelho,Fiction,"Fable, Journey, Destiny",A shepherd boy travels from Spain to the Egyptian pyramids in search of treasure and finds a different kind of answer. A modern parable translated into dozens of languages.
The Alphabet,Reg Down,Children's Storybook / Waldorf Curriculum,"Alphabet, Letter Forms, Waldorf","A story in which Chee Chee and Pepper Pot — helped by Tiptoes Lightly and friends — teach Tom Nutcracker and June Berry their letters, introducing the alphabet through imaginative pictures."
The Antlered Ship,Dashka Slater (illustrated by The Fan Brothers),Children's Picture Book,"Curiosity, Adventure, Friendship","A curious fox joins a crew of deer and pigeons aboard a magnificent antlered ship, seeking answers to questions no one else thinks to ask."
The Arts: A Visual Encyclopedia,DK,Children's Reference,"Art, Music, Dance, Theater","A photographic encyclopedia of the arts across cultures and centuries — painting, sculpture, architecture, music, dance, theater and film."
The Atlas Obscura Explorer's Guide for the World's Most Adventurous Kid,Dylan Thuras & Rosemary Mosco (illustrated by Joy Ang),Children's Nonfiction,"Travel, Curiosities, Geography","A globe-hopping tour of one hundred strange and wonderful real places — glowing caves, underground cities, sailing stones — with illustrated maps and quirky facts."
The Atlas of Classic Tales,Claudia Bordin,Children's Nonfiction / Atlas,"Classic Literature, Maps",Maps and illustrations locating the world's best-known stories in the landscapes where they take place.
The Atlas of Food,edited by Genny Gallo (illustrated by Annalisa Beghelli),Children's Nonfiction / Atlas,"World Food, Cooking, Cultures","A region-by-region tour of how the world eats, mapping signature ingredients, dishes and cooking traditions across every continent with collage-style illustration."
The B on Your Thumb,Colette Hiller (illustrated by Tor Freeman),Children's Poetry,"Phonics, Rhymes, Spelling","Sixty short rhymes designed to teach tricky spellings and sounds — silent letters, homophones and the like — through memorable verse."
The Backyard Birdwatcher's Bible,Abrams,Reference,"Birds, Birdwatching, Home Crafts","A compendium of bird behavior, habitats and identification alongside art, feeder plans and other home crafts for the backyard birder."
The Bad Mood and the Stick,Lemony Snicket (illustrated by Matthew Forsythe),Children's Picture Book,"Emotions, Cause and Effect, Humor","A bad mood travels from person to person around a town, along with a stick, in a wry chain of consequences that shows moods are not permanent possessions."
The Barefoot Book of Faeries,Tanya Robyn Batt (illustrated by Gail Newey),Children's Anthology,"Folklore, Fairies","Seven fairy tales drawn from cultures around the world, retold with notes on fairy lore and richly patterned illustrations."
The Bee Book,Jakob Streit,Children's Storybook / Waldorf Curriculum,"Bees, Nature Study","Stories of the life of the hive — the queen, the workers, the swarm and the honey harvest — written to introduce children to bees through narrative rather than facts alone."
The Big Book of Blooms,Yuval Zommer,Children's Nonfiction Picture Book,"Flowers, Botany","Oversized illustrated spreads on flowers from around the world — how they attract, defend and reproduce — with things to spot on every page."
The Big Book of Fables,illustrated by Charles Robinson,Folktale Anthology,"Fables, Aesop, Illustrated Classic",A collection of classic fables in a Calla Editions reissue of the early-twentieth-century edition illustrated by Charles Robinson.
The Big Book of Math Practice Problems: Fractions and Decimals,Chris Otillio (Clay Maze),Workbook,"Fractions, Decimals, Arithmetic",Hundreds of practice problems in fractions and decimals with worked answers.
The Big Book of Silly Jokes for Kids,Carole P. Roman,Children's Humor,"Jokes, Riddles, Knock-Knocks","Over eight hundred jokes, riddles, knock-knocks, and tongue twisters sorted by type."
The Blood Book: Honor Your Bleed. Your Cycle Is Sacred.,Leanna Pareja & Ashley Cottrell,Nonfiction / Health,"Menstrual Cycle, Body Literacy, Ritual",A cycle-tracking and body-literacy guide framing menstruation as something to work with rather than manage away.
The Blue Fairy Book,Andrew Lang,Folktale Anthology,"Fairy Tales, Victorian, Classic","The first of Lang's coloured fairy books, gathering Cinderella, Beauty and the Beast, Aladdin, and dozens more from across Europe and beyond."
The Blue Forest: Bedtime Stories for the Soul,Luke Fischer,Children's Anthology / Bedtime Stories,"Nature, Imagination, Bedtime",Seven imaginative bedtime tales — one for each night of the week — in which children meet the beings of nature and the elements in a dreamlike forest world.
The Book of Cultures,Worldwide Buddies (Evelyn Ansel & Mary Kate Ryan),Children's Nonfiction,"World Cultures, Traditions","Thirty treasured traditions from around the world, each with the story behind it plus a recipe, craft or activity to try at home."
The Book of Dragons: Secrets of the Dragon Domain,DreamWorks,Children's Nonfiction / Media Tie-In,"Dragons, Fantasy Creatures","An in-world field guide to dragon species, their habitats, anatomy and behavior, presented as a compendium of the dragon domain."
The Book of Mistakes,Corinna Luyken,Children's Picture Book,"Creativity, Mistakes, Art","A drawing grows out of one error after another, showing how mistakes become the best parts of a picture."
The Botanist's Sticker Anthology,DK,Sticker Book / Botany,"Botany, Plants, Stickers","Hundreds of botanical illustration stickers drawn from historical archives, with notes on each plant."
"The Boy, the Mole, the Fox and the Horse",Charlie Mackesy,Illustrated Nonfiction,"Kindness, Friendship, Illustration","Ink-and-watercolor drawings and short handwritten exchanges among four friends about courage, kindness, and asking for help."
The Bravest Dog Ever: The True Story of Balto,Natalie Standiford (illustrated by Donald Cook),Early Reader Nonfiction / Step into Reading,"True Story, Sled Dogs, Alaska","The 1925 serum run to Nome, told through Balto, the lead sled dog who carried diphtheria medicine through a blizzard to save the town's children."
The Bright Ages: A New History of Medieval Europe,Matthew Gabriele & David M. Perry,Nonfiction / History,"Medieval Europe, Revisionist History, Culture","A short narrative history arguing that the medieval period was connected, colorful, and anything but dark."
The Burgess Animal Book for Children,Thornton W. Burgess,Children's Nature Story,"Mammals, Natural History","Old Mother Nature holds school for the woodland animals, teaching young readers North American mammals through story."
The Burgess Seashore Book for Children,Thornton W. Burgess,Children's Nature Story,"Seashore, Marine Life",Burgess's nature stories introducing the creatures of the shore through the adventures of familiar animal characters.
The Celtic Myths That Shape the Way We Think,Mark Williams,Nonfiction / Folklore,"Celtic Myth, Reception History, Ireland and Wales",Ten chapters on Celtic mythological figures and how later ages reinvented them. As much about modern imagination as about medieval sources.
The Celts: Search for a Civilisation,Alice Roberts,Nonfiction / History,"Celts, Archaeology, Iron Age Europe","Roberts works through the archaeological and genetic evidence to ask who the Celts actually were, and how much of the popular picture holds up."
The Charters of Freedom,National Archives Museum,Historical Document Reproductions,"American Founding Documents, US History","Antiqued parchment reproductions of the Declaration of Independence (front and back), the Bill of Rights, and the four sheets of the United States Constitution, printed with the full legible text."
The Color Monster: A Story About Emotions,Anna Llenas,Children's Picture Book,"Emotions, Feelings, Self-Awareness","A monster wakes up with all his feelings tangled together, and a little girl helps him sort them into jars by color — yellow for happiness, blue for sadness, red for anger — so he can name what he feels."
The Complete Guide to Drawing Manga & Anime,Naoto,Art Instruction,"Manga, Anime, Drawing","A comprehensive manga drawing course covering faces, bodies, expression, clothing and dynamic poses."
The Complete Works of Clara Dillingham Pierson,Clara Dillingham Pierson,Children's Nature Stories,"Animals, Nature Stories","A collected edition of Pierson's gentle turn-of-the-century animal tales — meadow, forest, farmyard and pond."
The Crown on Your Head,Nancy Tillman,Children's Picture Book,"Self-Worth, Love",A rhyming reassurance that every child carries an invisible crown — a reminder of their own particular worth.
The Cruel Prince,Holly Black,Young Adult Fantasy,"Faerie Court, Politics, Mortals","Jude, a mortal raised in the High Court of Faerie, claws her way toward power among people who despise her. First of The Folk of the Air."
The Curious Garden,Peter Brown,Children's Picture Book,"Gardens, Cities, Nature",A boy tends a struggling patch of plants on an abandoned railway until greenery spreads across an entire gray city.
The Da Vinci Code,Dan Brown,Thriller,"Art History, Secret Societies, Conspiracy",A murder in the Louvre sets Langdon and a cryptologist chasing a religious secret across Paris and London. Brown's runaway bestseller.
The Dangerous Book for Boys,Conn Iggulden & Hal Iggulden,Children's Nonfiction / Activity,"Skills, Games, Outdoors","A compendium of old-fashioned know-how — paper planes, knots, go-carts, famous battles, cloud types and the rules of games."
The Dictionary of Difficult Words,Jane Solomon (illustrated by Louise Lockhart),Children's Reference,"Vocabulary, Language, Words","More than 400 unusual and perplexing words defined for young readers by a lexicographer, from absquatulate to zenography, each paired with playful illustrations and a pronunciation guide."
The Dragon Republic,R.F. Kuang,Fantasy,"Military Fantasy, Civil War, Shamanism","Rin, wrecked by what she did at the end of the war, joins a republican rebellion against the Empress. Second in The Poppy War trilogy."
The Encyclopedia of Country Living,Carla Emery,Reference / Homesteading,"Homesteading, Self-Sufficiency, Food Preservation","The classic manual of living off the land: gardening, raising and butchering animals, preserving food, making soap and cheese, beekeeping, spinning wool and dozens of other homestead skills. 50th anniversary edition."
The Essentials Reader: Readings to Accompany Logic of English Essentials,Kimber Iverson,Reader / Phonics Curriculum,"Phonics, Reading Fluency, Comprehension","A companion volume of readings for the Logic of English Essentials program, giving practice passages that reinforce the phonograms, spelling rules and vocabulary taught in each lesson."
The Fabric of Civilization: How Textiles Made the World,Virginia Postrel,Nonfiction / History,"Textiles, Technology, Trade","A history of civilization told through fiber, thread, cloth, dye, and the traders and machines that moved them. Argues that textile technology drove much of human innovation."
The Fairy Tales of the Brothers Grimm,Jacob & Wilhelm Grimm (edited by Noel Daniel),Illustrated Anthology,"Fairy Tales, Illustration History","Twenty-seven Grimm tales paired with a century of golden-age illustration, in Taschen's large-format edition."
The First to Die at the End,Adam Silvera,Young Adult Fiction,"Mortality, Friendship, One Day","The prequel, set on the first night Death-Cast begins making its calls."
The Flowers' Festival,Elsa Beskow,Children's Picture Book,"Flowers, Midsummer, Swedish Classic",Lisa is invited to the flowers' midsummer festival and meets each blossom as a character. A Beskow classic that doubles as a first botany lesson.
The Game Master's Book of Legendary Dragons,"Dillon, Haeck, Hubrich, Lewis & Pinto (foreword by Luke Gygax, afterword by Jeff Ashworth)",Reference / Tabletop RPG,"Dungeons & Dragons, Dragons, Game Mastering","A 5th Edition supplement of new dragons, dragon-kin, and monsters, plus cult, class, combat, and magic options, with three one-shot adventures included."
The Garden Adventures of Griswald the Gnome,Daniela Drescher,Children's Picture Book,"Gnomes, Gardens, Nature","A gnome's year of small adventures among the flowers, insects and weather of the garden, in Drescher's soft watercolor style."
The Girl Who Drank the Moon,Kelly Barnhill,Children's Chapter Book / Fantasy,"Witches, Magic, Sacrifice","A witch accidentally feeds a sacrificed baby on moonlight and raises her as her own, magic and all. Newbery Medal winner; this is the gift edition."
The Girl Who Fell Beneath the Sea,Axie Oh,Young Adult Fantasy,"Korean Mythology, Sea God, Sacrifice","Mina throws herself into the sea in her sister-in-law's place as bride to the Sea God, and wakes in a spirit realm. A retelling drawing on Korean folklore."
The Glorious Flight: Across the Channel with Louis Blériot,Alice and Martin Provensen,Children's Picture Book / Biography,"Aviation History, Perseverance",The Caldecott-winning story of Louis Blériot's years of failed flying machines and his eventual 1909 flight across the English Channel.
"The Gnomes' Rosette (Tales of Limindoor Woods, Book 3)",Sieglinde De Francesca,Children's Chapter Book / Fantasy,"Gnomes, Seasons, Loss and Change","An autumn tale in which Gus, Meggy and their friends face the sadness of saying goodbye to a beloved companion while welcoming newcomers, discovering that love and quiet courage carry them through every season."
The Golden Bull,Marjorie Cowley,Children's Historical Fiction,"Ancient Mesopotamia, Sumer","During a drought in ancient Mesopotamia, a brother and sister are sent to the city of Ur, where he apprentices to a goldsmith and she must find her own place."
The Grace of Kings,Ken Liu,Fantasy,"Rebellion, Empire, Silkpunk",A bandit and a nobleman join to overthrow an emperor and then find themselves opposed. First of The Dandelion Dynasty; Liu's silkpunk epic.
The Graveyard Book,Neil Gaiman,Children's Chapter Book / Fantasy,"Ghosts, Graveyard, Coming of Age",A toddler whose family is murdered is raised by the ghosts of a graveyard. Winner of the Newbery Medal.
The Green Mother Goose: Saving the World One Rhyme at a Time,Jan Peck & David Davis (illustrated by Carin Berger),Children's Poetry,"Nursery Rhymes, Environment","Familiar nursery rhymes rewritten with an environmental twist, illustrated in collage made from recycled paper."
The Guinevere Deception,Kiersten White,Young Adult Fantasy,"Arthurian Legend, Magic, Impostor",A girl takes Guinevere's place at Arthur's court to protect him with magic he has outlawed. First of the Camelot Rising trilogy.
The Handmaid's Tale,Margaret Atwood,Dystopian Fiction,"Theocracy, Reproductive Rights, Dystopia","In the Republic of Gilead, fertile women are assigned to powerful households as state-controlled breeders, and Offred records what she can. Atwood's 1985 dystopia."
The Heart of the Buddha's Teaching,Thich Nhat Hanh,Nonfiction / Religion,"Buddhism, Mindfulness, Four Noble Truths","A clear introduction to the Four Noble Truths, the Eightfold Path, and other core Buddhist teachings."
The Hidden World of Gnomes,Lauren Soloy,Children's Nonfiction / Folklore,"Gnomes, Folklore, Illustrated Reference","An illustrated field guide to gnomes drawn from folklore around the world, cataloguing their homes, habits, and varieties. Playfully presented as natural history."
The Hive and the Honey Bee,edited by Dadant & Sons,Reference,"Beekeeping, Apiculture, Reference","The long-running comprehensive reference on honey bee biology and beekeeping practice, revised across many editions since Langstroth."
The Hobbit,J.R.R. Tolkien,Fantasy,"Middle-earth, Quest, Dragons",Bilbo Baggins is pulled out his front door by thirteen dwarves and a wizard on a quest to reclaim a dragon's hoard. Tolkien's 1937 children's book and the doorway to Middle-earth.
The Hobbit: The Graphic Novel,"J.R.R. Tolkien (adapted by Charles Dixon, illustrated by David Wenzel)",Graphic Novel,"Middle-earth, Quest, Comics Adaptation","David Wenzel's fully painted comics adaptation of The Hobbit, following the novel closely across three original volumes collected in one. Distinct from the prose Hobbit also on hand."
The Homesteader's Natural Chicken Keeping Handbook,Amy Fewell,Reference,"Chickens, Homesteading, Natural Remedies","Raising a backyard flock with herbal and natural approaches to feed, housing, and common ailments."
The House at Pooh Corner,A.A. Milne,Children's Chapter Book,"Hundred Acre Wood, Friendship, Classic",Tigger arrives in the forest and the stories work toward the enchanted place where a boy and his bear will always be playing. Vintage E.P. Dutton edition.
The House in the Cerulean Sea,TJ Klune,Fantasy,"Found Family, Orphanage, Magic","A by-the-book caseworker is sent to inspect an island orphanage for magical children and finds a life he didn't expect. A gentle, widely loved fantasy about chosen family."
The Hueys in The New Sweater,Oliver Jeffers,Children's Picture Book,"Individuality, Conformity, Humor",The Hueys are all exactly the same until Rupert knits himself an orange sweater — and being different catches on so completely that everyone is the same again.
The Human Being and the Animal World,Charles Kovacs,Teaching Guide / Waldorf Curriculum,"Zoology, Waldorf Pedagogy","A Waldorf class teacher's presentation of the fourth-grade animal block, relating animal forms to human capacities."
The Ickabog,J.K. Rowling,Children's Chapter Book / Fantasy,"Fairy Tale, Kingdoms, Monsters",A prosperous kingdom is undone by a rumored swamp monster and the men who exploit the fear of it. An illustrated fairy tale for middle-grade readers.
The Iliad,"Homer, retold by Gillian Cross (illustrated by Neil Packer)",Children's Illustrated Classic,"Greek Mythology, Epic Poetry","An illustrated retelling of Homer's epic of the Trojan War, following Achilles' rage, Hector's defense of Troy, and the gods who meddle in both, in accessible prose for young readers."
The Illustrated Compendium of Amazing Animal Facts,Maja Säfström,Illustrated Nonfiction,"Animals, Trivia",Odd and delightful animal facts paired with spare line drawings.
The Illustrated Treasury of Children's Literature,edited by Margaret E. Martignoni,Children's Anthology,"Fairy Tales, Poems, Classic Stories","A mid-century Grosset & Dunlap omnibus gathering nursery rhymes, fairy tales, poems, and excerpts from children's classics, illustrated throughout."
The Kids' Book of Chess,Harvey Kidder,Children's Instructional,"Chess, Strategy, Games","An introduction to chess that teaches each piece through its medieval origins — the castle, the knight, the bishop — before moving on to tactics and full games."
The Kiss of Deception,Mary E. Pearson,Young Adult Fantasy,"Runaway Bride, Prince and Assassin, Prophecy","A princess flees an arranged marriage and is followed to her hiding place by two young men, one a prince and one an assassin -- and the reader isn't told which is which. First of The Remnant Chronicles."
The Knight and the Dragon,Tomie dePaola,Children's Picture Book,"Dragons, Knights, Humor","A knight and a dragon who have never fought anyone research how it's done, train separately, and after a disastrous first battle decide to go into the barbecue business together. Nearly wordless."
The Knitter's Activity Book,Sincerely Louise,Craft Instruction,"Knitting, Activities",Knitting projects and activities in a colorful workbook format.
The Land of Long Ago,Elsa Beskow,Children's Picture Book,"Time Travel, Fantasy, Swedish Classic","Two children slip back into a vanished world of castles, knights, and old ways of living. One of Beskow's longer imaginative journeys."
The Last Kids on Earth,Max Brallier (illustrated by Douglas Holgate),Children's Chapter Book / Illustrated,"Zombies, Monsters, Friendship",Jack Sullivan survives the monster apocalypse from a fortified treehouse and sets out to find his friends. Book one of the series.
The Last Kids on Earth and the Nightmare King,Max Brallier (illustrated by Douglas Holgate),Children's Chapter Book / Illustrated,"Monsters, Friendship, Adventure",Jack hunts for a legendary artifact while a new monster king moves in. Book three of the series.
The Last Kids on Earth and the Zombie Parade,Max Brallier (illustrated by Douglas Holgate),Children's Chapter Book / Illustrated,"Zombies, Monsters, Friendship","The zombies start vanishing from town, which turns out to be worse news than it sounds. Book two of the series."
The Last Little Cat,Meindert DeJong,Children's Chapter Book,"Animals, Perseverance","The runt of a litter in a dog kennel is turned out into the world and must find his own way to a home, told with quiet tension by a Newbery-winning author."
The Laws Guide to Nature Drawing and Journaling,John Muir Laws,Art Instruction / Nature,"Nature Journaling, Drawing, Observation","A thorough guide to keeping a nature journal — drawing technique, observation practice, note-taking and curiosity as a method."
The Lewis & Clark Expedition,Richard L. Neuberger,Children's Nonfiction / History,"Exploration, American West, Landmark Books","The 1804-1806 journey from St. Louis to the Pacific and back, written for young readers in the Landmark Books series."
The Light of All That Falls,James Islington,Fantasy,"Prophecy, Magic, Time",The loops close and the cost of the Boundary comes due. Final book of the Licanius Trilogy.
The Little Gnome Tenderroot,Jakob Streit,Children's Storybook / Waldorf,"Gnomes, Nature, Earth","A gnome's underground life among roots, stones and crystals, in the nature-story tradition Streit wrote for young Waldorf classes."
The Lost Words: Spell Songs,Folk by the Oak (songs inspired by Robert Macfarlane and Jackie Morris),Songbook / CD Set,"Nature Words, Folk Music, Illustration","A book-and-CD set of songs written by a folk supergroup in response to Macfarlane and Morris's The Lost Words, with accompanying artwork. Included here as a non-book item, with the format noted."
The Lost World,Michael Crichton,Science Fiction / Thriller,"Dinosaurs, Islands, Genetics","Six years after Jurassic Park, a second island of engineered dinosaurs draws another expedition. Crichton's sequel."
The Magic Ball of Wool,Susanna Isern (illustrated by Nora Hilb),Children's Picture Book,"Kindness, Knitting, Sharing",A boy discovers a ball of wool that never runs out and uses it to knit gifts for everyone who needs one. A picture book about generosity and the quiet good that small acts do.
The Magic Finger,Roald Dahl,Children's Chapter Book,"Magic, Hunting, Reversal","A girl whose anger gives her a magic finger turns it on a family of duck hunters, who wake up with wings."
The Magic Knot & Other Tangles!,Reg Down,Children's Chapter Book / Waldorf,"Fairies, Humor, Nature Stories","A comedy starring the gnomes Pine Cone and Pepper Pot alongside Tiptoes Lightly, full of tangles, mishaps and small woodland magic."
The Magical Unicorn Society Official Coloring Book,Selwyn E. Phipps,Coloring Book,"Unicorns, Coloring",A coloring companion to the Magical Unicorn Society books.
The Magical Worlds of Harry Potter,David Colbert,Reference,"Harry Potter, Folklore, Etymology","Short entries tracing the myths, legends, and word origins behind names and creatures in the Harry Potter books."
The Martian,Andy Weir,Science Fiction,"Mars, Survival, Engineering","An astronaut left behind on Mars keeps himself alive with botany, chemistry, and stubbornness while NASA works out a rescue."
"The Middle Ages for Kids: Through the Lives of Kings, Heroes, and Saints",Catherine Fet,Children's Nonfiction / History,"Medieval History, Biography","Medieval history told the old-fashioned way — as a sequence of short, memorable biographical stories about the era's kings, heroes and saints, richly illustrated with period art."
The Middle Ages: A Graphic History,Eleanor Janega (illustrated by Neil Max Emmanuel),Graphic Novel / Nonfiction,"Medieval History, Myth-Busting, Comics",A comics history of medieval Europe that takes aim at the Dark Ages caricature. Introducing Books.
The Midsummer Mouse,Reg Down,Children's Chapter Book / Waldorf,"Summer, Fairies, Nature Stories","Midsummer tales of Tiptoes Lightly and the Summer Queen, following the high-summer doings of the meadow and its small inhabitants."
The Midsummer Tomte and the Little Rabbits,Ulf Stark (illustrated by Eva Eriksson),Children's Chapter Book,"Midsummer, Tomte, Sweden",Grump the tomte shelters the forest animals after a storm wrecks the rabbit children's Midsummer plans. Told in twenty-one short chapters meant to be read a day at a time through June.
The Mitten,Jan Brett,Children's Picture Book / Folktale,"Ukrainian Folktale, Winter, Animals","Nicki loses a white wool mitten in the snow and one animal after another crowds inside it until it can stretch no further. Brett's retelling of a Ukrainian folktale, with her signature bordered illustrations."
The Mitten Thief,Jill Kaufenberg,Children's Picture Book,"Winter, Mystery, Friendship","Sisters Molly and Jules keep losing their mittens, and a snowy outdoor adventure with their friends reveals what has really been happening to them beneath the snow piles — after which the kids hatch a plan to return every mitten to its owner."
The Moomins and the Great Flood,Tove Jansson,Children's Illustrated Fiction,"Moomins, Adventure, Family","The first Moomin book: Moominmamma and Moomintroll search for Moominpappa through a flooded, strange landscape and find their way to the Moominvalley."
The Moon,Hannah Pang (illustrated by Thomas Hegbrook),Children's Nonfiction,"Moon, Astronomy, Culture","The moon across science, mythology and human history, from tides and phases to lunar landings and lunar legends."
The Mysteries of the Universe,Will Gater (illustrated by Angela Rizza and Daniel Long),Children's Reference,"Astronomy, Space, Solar System","A gold-and-navy illustrated guide to more than one hundred objects in space — planets, moons, nebulae, galaxies and black holes — with the science and the stories behind each."
The Name of the Wind,Patrick Rothfuss,Fantasy,"Magic School, Music, Storytelling","Kvothe, now an innkeeper in hiding, tells the first day of his own story: orphaned, destitute, and clawing his way into the University. Tenth Anniversary Edition."
The New York Times Best of the Week Series: Monday Crosswords,edited by Will Shortz,Puzzle Book,"Crosswords, Puzzles","A collection of the week's easiest New York Times crosswords, all Monday puzzles."
The Noisy Paint Box,Barb Rosenstock (illustrated by Mary GrandPré),Children's Picture Book / Biography,"Kandinsky, Synesthesia, Abstract Art","The story of Vasya Kandinsky, who heard colors as sounds and painted the first abstract art despite everyone telling him to paint what he saw."
The Odyssey,"Homer, retold by Gillian Cross (illustrated by Neil Packer)",Children's Illustrated Classic,"Greek Mythology, Epic Poetry","Odysseus's ten-year voyage home from Troy past the Cyclops, Circe, the Sirens and Scylla, retold for children with striking graphic illustrations."
The Odyssey,Homer (illustrated by Manuela Adreani),Children's Illustrated Classic,"Greek Mythology, Epic Poetry","A large-format picture-book edition of Odysseus's journey home, with lush painterly illustrations by Manuela Adreani."
The Odyssey,Homer (translated by Robert Fitzgerald),Illustrated Classic,"Greek Epic, Odysseus, Translation","Fitzgerald's verse translation of Odysseus's ten-year voyage home from Troy. A third distinct edition of the Odyssey in this collection, alongside the Gillian Cross and Manuela Adreani versions."
The Once and Future King,T.H. White,Fantasy,"Arthurian Legend, Kingship, War","White's retelling of Malory, from Arthur's education by Merlyn through the collapse of Camelot. Collected in one volume."
The Once Upon a Time Map Book,B.G. Hennessy (illustrated by Peter Joyce),Children's Picture Book / Atlas,"Maps, Fairy Tales","Six fold-out maps of storybook lands — Oz, Neverland, Wonderland, the Giant's kingdom and more — with directions and treasure-hunt tasks for readers to follow."
The Overstory,Richard Powers,Literary Fiction,"Trees, Activism, Ecology",Nine strangers are drawn separately toward the fate of the world's remaining forests. Winner of the Pulitzer Prize.
The Panama Canal,Bob Considine,Children's Nonfiction / History,"Engineering, Panama, Landmark Books","The building of the canal, from the failed French attempt through the American construction and the fight against yellow fever. A Landmark Book."
The Penguin Historical Atlas of Ancient Civilizations,John Haywood,Reference / Historical Atlas,"Ancient History, Maps",Maps and commentary tracing the rise and spread of the ancient world's civilizations from Mesopotamia to Rome.
"The Pet Dragon: A Story about Adventure, Friendship, and Chinese Characters",Christoph Niemann,Children's Picture Book,"Chinese Characters, Language, Friendship","A girl searches for her runaway pet dragon, and along the way each Chinese character is drawn into the illustration it names — teaching how the written characters grow out of pictures."
"The Pigeon Has Feelings, Too!",Mo Willems,Children's Board Book,"Emotions, Humor, Pigeon Series","The bus driver asks the Pigeon to look happy, and the Pigeon works through a run of other feelings instead. A board book entry in Willems's Pigeon series."
The Pine Child,Paul Edmund Thomas (art by Katie McCollow),Children's Illustrated Fiction,"Winter, Forest, Wonder","A watercolor-illustrated winter tale from The Gabbro Head, following a small child through the snowy pinewoods toward the lamplight of a cabin."
"The Poetry of Science: The Poetry Friday Anthology for Science, For Kids",compiled by Sylvia Vardell & Janet Wong (illustrated by Frank Ramspott & Bug Wang),Children's Poetry Anthology,"Science Poetry, STEM","248 poems by 78 poets covering every area of science — matter, energy, life, earth and space — the student companion to the Poetry Friday Anthology for Science teacher edition."
The Poppy War,R.F. Kuang,Fantasy,"Military Fantasy, China, Shamanism",A war orphan tests into an elite military academy and discovers a lethal shamanic power. Draws heavily on twentieth-century Chinese history.
The Prince & the Coyote,David Bowles (illustrated by Amanda Mijangos),Young Adult Historical Fiction,"Aztec History, Nezahualcoyotl, Poetry","The story of Acolmiztli, the exiled prince who became the poet-king Nezahualcoyotl of Texcoco. A Pura Belpre-winning novel woven with translated Nahuatl verse."
The Princess in the Forest,Sibylle von Olfers,Children's Picture Book,"Fairies, Forest, Art Nouveau",A small princess wanders into the forest and is welcomed by its flower and animal children. One of von Olfers's early-twentieth-century nature fantasies in her distinctive decorative style.
The Purloining of Prince Oleomargarine,Mark Twain & Philip Stead (illustrated by Erin Stead),Children's Illustrated Fiction,"Fairy Tales, Kindness","An unfinished Twain story completed a century later: a poor boy, magic seeds that let him talk to animals, and the search for a stolen prince."
The Raccoon and the Bee Tree,Charles Eastman & Elaine Goodale Eastman (illustrated by Jim Turnbull),Children's Picture Book / Folktale,"Dakota Culture, Folklore, Greed","A Dakota story of a greedy raccoon who takes more honey than he needs and pays for it, retold from the Eastmans' early-1900s collection."
The Return of the Light: Twelve Tales from Around the World for the Winter Solstice,Carolyn McVickar Edwards,Folktale Anthology,"Winter Solstice, World Folklore, Seasonal Celebration","Twelve solstice stories retold from North America, China, Scandinavia, India, Africa, South America, Europe, and Polynesia, with notes on the traditions behind them."
The River Has Roots,Amal El-Mohtar,Fantasy,"Fairy Tale, Sisters, Folk Song","Two sisters tend the singing willows on the border between England and Faerie, until one of them is murdered. A novella built on the bones of the Twa Sisters ballad."
The Roadmap to Literacy,Janet Langley & Jennifer Militzer-Kopperl,Teaching Guide / Waldorf Curriculum,"Literacy Instruction, Waldorf Pedagogy","A comprehensive guide to teaching reading and writing in Waldorf grades 1–3, mapping the Renewal of Literacy approach onto phonics, spelling and language arts instruction."
The Rock from the Sky,Jon Klassen,Children's Picture Book,"Humor, Deadpan, Friendship","Five linked stories about a turtle, an armadillo, and a snake standing in spots of varying safety while something falls from above."
The Romance of Tristan and Iseult,Joseph Bedier,Illustrated Classic,"Arthurian Legend, Tragic Romance, Medieval",Bedier's reconstruction of the medieval Tristan legend from the surviving fragments. Slipcased edition.
The Sagas of Icelanders,Various (Penguin Classics Deluxe Edition),Folktale Anthology,"Icelandic Sagas, Medieval Iceland, Norse","A selection of the medieval Icelandic family sagas and tales in modern translation, with maps, glossaries, and reference material."
The School of Numbers,Emily Hawkins (illustrated by Daniel Frost),Children's Nonfiction Picture Book,Mathematics,"A space-academy-themed introduction to math for kids, teaching 40 short lessons — counting, shapes, measurement, fractions, symmetry, time and more — through cadets on missions with Professor Cosmo and friends."
The Screwtape Letters,C.S. Lewis,Fiction / Religion,"Christianity, Satire, Temptation",A senior devil writes to his nephew with advice on corrupting an ordinary man. Lewis's epistolary satire.
The Secret Door,Shelley Davidow,Children's Chapter Book / Phonetic Reader,"Phonics, Mystery, Adventure","Second chapter book in the phonetic reader series, mixing mystery and adventure with decoding practice in r-controlled vowels and vowel combinations (ar, or, er, ir, ur, oo, ou, ow, oi, oy, au, aw). Grades 2-4."
The Secret Pet,Shelley Davidow,Children's Chapter Book / Phonetic Reader,"Phonics, Friendship, Animals","First chapter book following the Early Reader Series: Tim befriends Jake the magical snake and smuggles him home and to school, and the two learn about the difference between life in the wild and life in a home, and how love changes our habits. Targets vowel teams, digraphs and open/closed syllables; grades 2-3."
The Secret Wish,Shelley Davidow,Children's Chapter Book / Phonetic Reader,"Phonics, Adventure","Final chapter book in the phonetic reader series, illustrated by Carol Liknaitzky, giving readers a story built around consonant blends and digraphs (qu, sh, th, wh, gl, pl, sl, gr, tr and others). Grades 3-4."
The Seven-Year-Old Wonder Book,Isabel Wyatt,Children's Anthology / Waldorf Curriculum,"Fairy Tales, Storytelling, Waldorf","Original stories written for the second-grade year in Waldorf schools, pitched at the change of consciousness around age seven."
The Shadow of the Gods,John Gwynne,Fantasy,"Norse-Inspired, Gods, Vengeance","Three hundred years after the gods tore each other apart, their bones and bloodlines still shape the land. First of The Bloodsworn Saga."
The Shadow of What Was Lost,James Islington,Fantasy,"Prophecy, Magic, Time","Twenty years after a rebellion stripped the Gifted of their powers, a young man discovers his own magic is different. First of the Licanius Trilogy."
The Shortest Day: Celebrating the Winter Solstice,Wendy Pfeffer (illustrated by Jesse Reisch),Children's Nonfiction Picture Book,"Winter Solstice, Astronomy, World Traditions","Why the days shorten and lengthen, and how cultures around the world have marked the solstice, with activities and celebrations to try."
The Shrouded Queen,Ashley Tropea,Fantasy / Romance,"Egyptian Mythology, Identity Swap, Trials","A slave and a princess trade places during an attack, sending each into a separate fight for survival. A romantasy debut drawing on ancient Egyptian mythology."
The Song of Achilles,Madeline Miller,Historical Fiction,"Greek Mythology, Troy, Love Story",Patroclus narrates his life with Achilles from boyhood through the Trojan War. Winner of the Orange Prize.
The Soul Would Have No Rainbow if the Eyes Had No Tears,Guy A. Zona,Quotation Collection,"Native American Proverbs, Wisdom","A gathering of Native American proverbs and sayings, arranged by theme."
The Spellshop,Sarah Beth Durst,Fantasy,"Cozy Fantasy, Jam, Magic",A librarian flees a burning capital with the last of the spellbooks and opens a jam-and-spells shop on a remote island. Cozy fantasy.
The Stoics Illustrated: Ancient Wisdom for Modern Living,Paul Scade,Philosophy / Illustrated Nonfiction,"Stoicism, Ancient Philosophy","An illustrated introduction to Stoic thought — Zeno, Seneca, Epictetus and Marcus Aurelius — and how their ideas on control, virtue and adversity apply to modern life."
The Story Book of Science,Jean-Henri Fabre,Children's Nonfiction / Nature,"Natural History, Conversational Science, Classic","Uncle Paul answers children's questions about insects, plants, weather, and stones over the course of a year. A nineteenth-century classic widely used in living-books curricula."
The Story of Amelia Earhart,Adele de Leeuw (illustrated by Harry Beckhoff),Children's Nonfiction / Biography,"Amelia Earhart, Aviation, Signature Books","Earhart's life and record flights, written for young readers in the Signature Books series."
The Story of Helen Keller,Lorena A. Hickok (illustrated by Jo Polseno),Children's Nonfiction / Biography,"Helen Keller, Deafblindness, Signature Books",Helen Keller's life from the illness that took her sight and hearing through her work as a writer and advocate. Signature Books #45.
The Story of Little Babaji,Helen Bannerman (illustrated by Fred Marcellino),Children's Picture Book,"Folktale, India, Tigers","A retitled and reillustrated version of the classic tale: a boy gives away his fine new clothes to tigers, who chase each other into butter for his pancakes."
The Story of Little Billy Bluesocks,Sibylle von Olfers,Children's Picture Book,"Fairies, Nature, Art Nouveau","Little Billy Bluesocks sets out from home and meets the creatures of the meadow and pond. Another of von Olfers's rounded, gently patterned picture books for the very young."
The Story of Martha Washington,Jeannette Covert Nolan (illustrated by Corinne B. Dillon),Children's Nonfiction / Biography,"Martha Washington, Colonial America, Signature Books",A biography of Martha Washington for young readers in the Grosset & Dunlap Signature Books series (#32).
The Story of Rome for Kids: From the Legend of Romulus to the Fall of Caesar,Tales of History,Children's Nonfiction / History,"Ancient Rome, Republic, Narrative History",Roman history told as a story from the founding legend through the assassination of Caesar. No named author on the cover; credited to the Tales of History imprint.
The Story of the Bible,Charles Foster,Children's Nonfiction / Religion,"Bible Stories, Old and New Testament, Vintage",Foster's nineteenth-century retelling of the Bible in simple language with several hundred illustrations. Antique illustrated binding.
The Story of the Butterfly Children,Sibylle von Olfers,Children's Picture Book,"Butterflies, Summer, Art Nouveau","The butterfly children live their summer among the flowers, hold a wedding, and weather a storm. Companion volume to the Root Children."
The Story of the Declaration of Independence,Norman Richards,Children's Nonfiction,"American History, Founding Documents","A Cornerstones of Freedom account of how the Declaration was drafted, debated and signed."
The Story of the Greeks,H. A. Guerber,Children's Nonfiction / History,"Ancient Greece, Classical History","A classic narrative history of ancient Greece for young readers, telling the story from the earliest settlers through Athens, Sparta, the Persian Wars and Alexander in short chapter-length episodes."
The Story of the Orchestra,Robert Levine (illustrated by Meredith Hamilton),Children's Nonfiction / Music,"Orchestra, Composers, Classical Music","An introduction to the instruments of the orchestra and the composers who wrote for them, with a companion recording."
The Story of the Roman Empire for Kids: From Augustus to the Fall of the Empire,Tales of History,Children's Nonfiction / History,"Roman Empire, Emperors, Narrative History",Picks up at Augustus and carries the story through the emperors to the fall of the western empire. No named author on the cover; credited to the Tales of History imprint.
The Story of the Root Children,Sibylle von Olfers,Children's Picture Book,"Seasons, Spring, Art Nouveau","Mother Earth wakes the root children in spring, they sew their bright clothes and go out into the world, and return underground in autumn. Von Olfers's best-known book and a staple of the Waldorf seasonal year."
The Story of the Snow Children,Sibylle von Olfers,Children's Picture Book,"Winter, Snow, Art Nouveau",Poppy is carried off by a snowflake to the winter queen's ice palace and returns home again. Von Olfers's winter counterpart to The Story of the Root Children.
"The Story of the World, Volume 1: Ancient Times",Susan Wise Bauer,Children's Nonfiction / History,"Ancient History, Homeschool Curriculum, Narrative History",World history told as a sequence of stories from the earliest nomads to the fall of Rome. The first of four volumes in a widely used classical homeschool history.
The Story of Ulysses S. Grant,Jeannette Covert Nolan (illustrated by Lynd Ward),Children's Nonfiction / Biography,"Ulysses S. Grant, Civil War, Signature Books","Grant's life from Ohio boyhood through the Civil War and the presidency. Signature Books #6, illustrated by Lynd Ward."
The Story-Book of Science,Jean-Henri Fabre,Children's Nonfiction / Classic,"Natural History, Insects, Science","The French entomologist teaches natural science through evening conversations between Uncle Paul and the children, covering insects, plants, weather, minerals and the workings of the natural world in story form."
The Sun Egg,Elsa Beskow,Children's Picture Book,"Forest Fairies, Oranges, Swedish Classic","A woodland fairy finds an orange in the forest and is certain it is a fallen piece of the sun, until a visiting bird explains what it really is. Another of Beskow's early-twentieth-century Swedish nature stories."
The Tales of Tiptoes Lightly,Reg Down,Children's Chapter Book / Waldorf,"Nature Stories, Fairies, Seasons","Three gentle nature tales — The Bee Who Lost His Buzz, Pumpkin Crow, and Lucy Goose and the Half-Egg — starring the fairy Tiptoes Lightly and her woodland friends."
The Testaments,Margaret Atwood,Dystopian Fiction,"Gilead, Testimony, Resistance","Three narrators, including Aunt Lydia, testify to the inner workings and unravelling of Gilead. Atwood's Booker-winning sequel to The Handmaid's Tale."
The Three Billy Goats Gruff,Mac Barnett (illustrated by Jon Klassen),Children's Picture Book / Folktale,"Folktales, Trolls, Humor","A deadpan retelling of the Norwegian folktale, with three goats, one bridge, and a troll who gets exactly what he deserves."
The Three Questions,Jon J Muth,Children's Picture Book,"Ethics, Zen Buddhism, Kindness","Based on Tolstoy's story: a boy asks when is the best time, who is most important, and what is the right thing to do, and finds the answers by helping someone in need."
The Untethered Soul Guided Journal,Michael A. Singer,Journal / Workbook,"Reflection, Prompts, Spirituality","A prompted journal companion to The Untethered Soul, with space for written reflection on each theme."
The Untethered Soul: The Journey Beyond Yourself,Michael A. Singer,Nonfiction / Spirituality,"Consciousness, Meditation, Letting Go","Singer on the inner voice, the habit of clinging to thought and emotion, and what it means to stop identifying with either."
The Upper Case: Trouble in Capital City,Tara Lazar (illustrated by Ross MacDonald),Children's Picture Book,"Grammar, Capitalization, Mystery",Private eye Question Mark investigates a case of missing capital letters in a punctuation-themed detective caper.
The Usborne Internet-Linked Encyclopedia of World History,Usborne,Children's Reference,World History,"A illustrated survey of world history from prehistory to the modern era, with recommended web links for each topic."
The Very Last Leaf,Stef Wade,Children's Picture Book,"Autumn, Anxiety, Courage","Lance the leaf is top of his class but terrified of falling, in a story about performance anxiety and letting go."
"The Very Short, Entirely True History of Unicorns",Sarah Laskow (illustrated by Sam Beck),Children's Nonfiction / Folklore,"Unicorns, Myth vs. Fact, Natural History","Traces where unicorn legends actually came from -- misread travelogues, narwhal tusks, mistranslated scripture -- and how the beast changed shape over two thousand years."
The Voyages of Christopher Columbus,Armstrong Sperry,Children's Nonfiction / History,"Exploration, Atlantic Crossing, Landmark Books",Columbus's four voyages recounted for young readers in the Landmark Books series.
The Waldorf Book of Poetry,David Kennedy,Poetry Anthology / Waldorf Curriculum,"Poetry, Verse, Waldorf Pedagogy","A large collection of poems gathered for Waldorf classrooms and homes, organized for recitation across the grades and the seasons."
"The Way of Gnome (Tales of Limindoor Woods, Book 1)",Sieglinde De Francesca,Children's Chapter Book / Fantasy,"Gnomes, Nature Stories, Waldorf","A prequel to A Donsy of Gnomes in which young Gus learns the 'Way of Gnome' — a code of kindness, generosity and courage — while readers discover how the gnomes first came to the magic forest of Limindoor and found their Gifts. Gentle read-aloud chapter book for ages 6+."
The Way of Kings,Brandon Sanderson,Fantasy,"Roshar, Storms, Knights Radiant","On a world scoured by highstorms, a slave, a scholar, and a highprince circle the return of an ancient order. First of The Stormlight Archive."
The Wild Robot,Peter Brown,Children's Chapter Book,"Robots, Island, Nature",A robot washes ashore on a wild island and slowly learns the language and rules of the animals living there. First of the Wild Robot trilogy.
The Will of the Many,James Islington,Fantasy,"Roman Empire, Hierarchy, Academy","In an empire where citizens cede their will up the hierarchy, an exiled prince hides in plain sight at its most prestigious academy. First of the Hierarchy series."
The Wise Enchanter: A Journey Through the Alphabet,Shelley Davidow (illustrated by Krystyna E. Kurzyca),Children's Chapter Book,"Alphabet, Fantasy, Language","A quest story in which children journey through the alphabet, each letter unlocking part of an enchanted adventure."
The Wonder of Lullabies,Mary Thienes-Schunemann,Songbook / CD Set,"Lullabies, Singing with Children, Waldorf","Lullabies gathered from around the world with guitar chords and a companion CD, meant for singing with children of any age. Revised edition in the Singing with Children series; a Naturally You Can Sing production."
The Wonders of Nature,DK,Children's Reference,"Nature, Natural History","A gilt-edged illustrated compendium of the natural world's most extraordinary plants, animals, minerals and phenomena."
The Wondrous Workings of Planet Earth,Rachel Ignotofsky,Illustrated Nonfiction,"Ecology, Ecosystems, Earth Science","Illustrated infographics explaining ecosystems, biomes and the cycles that keep the planet running."
The World of the Old Testament: A Curious Kid's Guide to the Bible's Most Ancient Stories,Marc Olson (illustrated by Jemima Maybank),Children's Nonfiction,"Bible History, Ancient Near East","Infographics, maps and charts explaining who the people of the Old Testament were — what they ate, how they worked, fought and worshipped — and how that context changes how the stories read."
Therapeutic Storytelling: 101 Healing Stories for Children,Susan Perrow,Teaching Guide / Storytelling,"Storytelling, Child Behavior, Healing","A collection of metaphorical stories written to address specific childhood challenges — fear, grief, anger, bedwetting, bullying — plus guidance on writing your own healing stories."
They Both Die at the End,Adam Silvera,Young Adult Fiction,"Mortality, Friendship, One Day","Two strangers get the call telling them they will die today, and spend their last day together. A New York-set novel about living fully in one day."
Thirteen Moons on Turtle's Back,Joseph Bruchac & Jonathan London (illustrated by Thomas Locker),Children's Poetry,"Native American Legends, Seasons","Thirteen poems, one for each moon of the year, drawn from the legends of different Native nations and painted in luminous landscapes."
This Is Monet,Sara Pappworth (illustrated by Aude Van Ryn),Illustrated Biography,"Monet, Impressionism","A pocket-sized illustrated life of Claude Monet, tracing his career and the making of Impressionism."
This Is Not My Hat,Jon Klassen,Children's Picture Book,"Humor, Deadpan, Fish","A small fish steals a hat from a much bigger fish and explains, confidently, why he'll get away with it. Winner of the Caldecott Medal; board book edition."
This Is the Way We Wash-a-Day,Mary Thienes-Schunemann (illustrated by Lura Schwarz-Smith),Songbook / CD Set,"Work Songs, Daily Rhythm, Waldorf","Songs for the ordinary work of the day -- washing, gardening, tidying -- with guitar chords, a CD, and an interview with Pete Seeger. Part of the Singing with Children series."
This Kingdom Will Not Kill Me,Ilona Andrews,Fantasy,"Portal Fantasy, Immortality, Court Intrigue",Maggie wakes in the brutal world of her favorite unfinished fantasy series and discovers she cannot die -- though everyone she comes to love can. First of the Maggie the Undying trilogy.
This Song Is (Not) for You,Laura Nowlin,Young Adult Fiction,"Music, Friendship, Polyamory",Three friends in a band navigate love that doesn't fit the shape they expected. A YA novel about asexuality and chosen relationships.
Three Grimms' Fairy Tales,Brothers Grimm (paintings by Gerard Wagner),Illustrated Anthology,"Fairy Tales, Anthroposophical Art",Three Grimm tales paired with the color paintings of anthroposophical artist Gerard Wagner.
Through Your Eyes: My Child's Gift to Me,Ainsley Earhardt (illustrated by Ji-Hyuk Kim),Children's Picture Book,"Mother and Child, Wonder, Everyday Moments","A mother sets out to show her daughter the world and finds her daughter showing it back to her, in the small things she would have hurried past. Told in verse with soft, impressionistic paintings."
To the Edge of the Universe,Raman Prinja (illustrated by John Hersey),Children's Nonfiction,"Astronomy, Cosmology","A fold-out journey outward from Earth to the observable edge of the universe, scaled step by step."
Today I Will Fly!,Mo Willems,Children's Early Reader (Elephant & Piggie series),"Perseverance, Friendship",Piggie is determined to fly and Gerald is sure it is impossible — until a little help from a passing bird proves him wrong.
Tomo-chan Is a Girl! Vol. 1-3,Fumita Yanagida,Manga,"Romantic Comedy, High School, Friendship",A tomboy tries to get her childhood best friend to see her as a girl. Omnibus of the first three volumes.
Tomo-chan Is a Girl! Vol. 4,Fumita Yanagida,Manga,"Romantic Comedy, High School, Friendship","Continuation of Tomo and Jun's long, oblivious romance."
Tomo-chan Is a Girl! Vol. 5,Fumita Yanagida,Manga,"Romantic Comedy, High School, Friendship","Continuation of Tomo and Jun's long, oblivious romance."
Tomo-chan Is a Girl! Vol. 6,Fumita Yanagida,Manga,"Romantic Comedy, High School, Friendship","Continuation of Tomo and Jun's long, oblivious romance."
Top 10 Worst Ruthless Warriors,Fiona Macdonald,Children's Nonfiction,"Military History, Warriors","A ranked, gruesome-facts tour of history's most feared fighting forces, written for reluctant readers."
Trees: A Folding Pocket Guide to Familiar North American Plants,James Kavanagh (illustrated by Raymond Leung),Field Guide,"Trees, North America, Nature Identification",A Pocket Naturalist folding laminated guide illustrating common North American trees with identification notes and range information.
Tress of the Emerald Sea,Brandon Sanderson,Fantasy,"Adventure, Fairy Tale, Cosmere","A window-washer's daughter leaves her island to rescue the boy she loves, crossing seas made of deadly spores. A standalone Cosmere tale told in the voice of a Princess Bride-style narrator."
Troll Magic: Hidden Folk from the Mountains and Forests of Norway,Theodor Kittelsen,Illustrated Folklore,"Norwegian Folklore, Trolls","The classic Norwegian artist's troll paintings and drawings, paired with the folklore of the hidden folk."
Two Truths and a Lie: Forces of Nature,Ammi-Joan Paquette & Laurie Ann Thompson,Children's Nonfiction,"Critical Thinking, Earth Science",More sets of three natural-world stories with one fabrication hidden in each.
Two Truths and a Lie: Histories and Mysteries,Ammi-Joan Paquette & Laurie Ann Thompson,Children's Nonfiction,"Critical Thinking, History","Historical accounts and mysteries, each trio containing one invention for readers to detect."
Two Truths and a Lie: It's Alive!,Ammi-Joan Paquette & Laurie Ann Thompson,Children's Nonfiction,"Critical Thinking, Biology","Three astonishing stories per section, one of which is false — readers must research to work out which."
Under the Bodhi Tree,Deborah Hopkinson (illustrated by Kailey Whitman),Children's Picture Book / Biography,"Buddhism, Biography","The life of Siddhartha, from sheltered prince to his awakening beneath the bodhi tree, told simply for young readers."
Under the Lilacs,Louisa May Alcott,Children's Illustrated Classic,"Circus, Friendship, Nineteenth Century",A runaway circus boy and his dog take shelter with two sisters in a New England town. A Junior Deluxe Editions printing.
Uni the Unicorn,Amy Krouse Rosenthal (illustrated by Brigette Barrager),Children's Picture Book,"Belief, Friendship, Unicorns","Uni the unicorn is certain that little girls are real, no matter what the other unicorns say."
"Unicorns, Dragons and More Fantasy Amigurumi",Meteoor Books,Craft Instruction,"Crochet, Amigurumi, Fantasy","Crochet patterns for fantasy creatures — unicorns, dragons, mermaids and more."
Ute Legends,Celinda Reynolds Kaelin,Folktale Anthology,"Ute Nation, Colorado, Oral Tradition","Traditional Ute stories collected and retold, with cultural and historical context. Caxton Press."
Vincent Can't Sleep,Barb Rosenstock (illustrated by Mary GrandPré),Children's Picture Book / Biography,"Van Gogh, Art, Restlessness","Van Gogh's sleepless nights walking under the stars, and how that restlessness became The Starry Night."
Vincent's Starry Night and Other Stories: A Children's History of Art,Michael Bird (illustrated by Kate Evans),Children's Nonfiction / Art History,"Art History, Artists","Sixty-eight short stories tracing art from cave paintings to the present, each built around a work or an artist's moment."
Wait! Wait!,Hatsue Nakawaki (illustrated by Komako Sakai),Children's Picture Book,"Toddlers, Nature, Curiosity","A toddler chases butterflies, lizards and pigeons calling wait, wait — a tiny book about noticing the world."
Waiting Is Not Easy!,Mo Willems,Children's Early Reader (Elephant & Piggie series),"Patience, Anticipation, Wonder","Piggie has a surprise that requires waiting, and Gerald's groaning impatience pays off in a sky full of stars."
Warriors: The Prophecies Begin #1 (Graphic Novel),"Erin Hunter (adapted by Natalie Riess, illustrated by Sara Goetter)",Children's Graphic Novel,"Cats, Clans, Adventure","The graphic novel adaptation of the first Warriors arc, in which a housecat leaves home to join ThunderClan. Volume one."
Watch Me Throw the Ball!,Mo Willems,Children's Early Reader (Elephant & Piggie series),"Play, Perspective, Fun vs. Winning","Gerald wants to teach Piggie the serious art of throwing a ball, but Piggie insists that doing it badly is far more fun."
Watercolor with Me in the Forest,Dana Fox,Art Instruction,"Watercolor, Woodland Animals",Step-by-step watercolor tutorials for painting forest animals and woodland scenes.
Watercolor with Me in the Ocean,Dana Fox,Art Instruction,"Watercolor, Marine Life",Step-by-step watercolor tutorials for painting sea creatures and ocean scenes.
Watership Down,Richard Adams (illustrated by Aldo Galli),Illustrated Fiction,"Rabbits, Journey, Survival","A group of rabbits flees a doomed warren and crosses the English downs to found a new home. This is the Scribner Illustrated Classic edition, separate from the graphic novel adaptation also on hand."
Watership Down: The Graphic Novel,"Richard Adams (adapted by James Sturm, illustrated by Joe Sutphin)",Graphic Novel,"Rabbits, Survival, Journey",The graphic adaptation of Adams's epic: a band of rabbits flees a doomed warren and crosses hostile country to found a new home on Watership Down.
We Are Family,Patricia Hegarty (illustrated by Ryan Wheatcroft),Children's Picture Book,"Families, Diversity","A look at many different kinds of families around the world — big, small, blended, adoptive, single-parent — showing that love is what makes a family."
We Are Grateful: Otsaliheliga,Traci Sorell (illustrated by Frané Lessac),Children's Picture Book,"Cherokee Culture, Gratitude, Seasons","A Cherokee family moves through a year of seasons and ceremonies, saying otsaliheliga — we are grateful — for blessings and hardships alike."
We Are in a Book!,Mo Willems,Children's Early Reader (Elephant & Piggie series),"Metafiction, Reading, Humor","Gerald and Piggie realize they are being read, delight in making the reader say 'banana,' and worry about what happens when the book ends."
We Are the United States,Margeaux Weston & Sarosh Arif (illustrated by Sol Linero),Children's Nonfiction / Atlas,"US Culture, Diversity","A follow-up to The 50 States with 51 infographic maps celebrating the heritages, religions, jobs and traditions of the people who live across America."
We Became Wild,H.D. Carver,Young Adult Fiction,"Pacific Crest Trail, Grief, Friendship","Two teenagers set out onto the Pacific Crest Trail carrying their dead best friend's ashes and her copy of Wild, with more secrets between them than either admits."
We Found a Hat,Jon Klassen,Children's Picture Book,"Humor, Friendship, Turtles","Two turtles find one hat, which looks good on both of them, and have to decide what to do about that. Third and final book of the Hat trilogy."
We Who Will Die,Stacia Stark,Fantasy / Romance,"Vampires, Gladiators, Roman-Inspired","Arvelle vows to kill the vampire emperor and must first survive the Sundering, an arena tournament. First of Empire of Blood."
We're Going on a Bear Hunt,Michael Rosen (illustrated by Helen Oxenbury),Children's Picture Book,"Rhythm, Family, Adventure","The much-chanted family expedition through grass, river, mud and forest — and the very fast retreat once the bear is found."
Welcome to the Farm,Shaye Elliott,Reference,"Homesteading, Food Preservation, Rural Skills","A homesteading primer covering gardening, dairying, butchering, preserving, and the rhythm of a small farm year."
Weslandia,Paul Fleischman (illustrated by Kevin Hawkes),Children's Picture Book,"Individuality, Creativity, Civilization","Misfit Wesley spends his summer growing a mysterious crop and founding his own civilization in the backyard — complete with language, clothing, food and games — and wins over his classmates."
What a Wonderful Word,Nicola Edwards (illustrated by Luisa Uribe),Children's Nonfiction,"Language, Untranslatable Words, Cultures","A collection of untranslatable words from languages around the world, each illustrated and explained for young readers."
What Animals Say to Each Other: 30 Nature Fables in Rhyme,Jakob Streit,Children's Poetry / Waldorf,"Animals, Nature, Fables","Thirty short rhymed fables in which animals speak to one another, written for young children in the Waldorf nature-story tradition."
What Do You Celebrate?,Whitney Stewart (illustrated by Christiane Engel),Children's Nonfiction Picture Book,"World Holidays, Cultures","Fourteen holidays celebrated around the world, each with its history, traditions, and a related craft, recipe or activity."
"What Is the World Made Of? All About Solids, Liquids, and Gases",Kathleen Weidner Zoehfeld (illustrated by Paul Meisel),Early Reader Nonfiction,"States of Matter, Physics","A Let's-Read-and-Find-Out introduction to solids, liquids and gases and how matter changes between them."
What It's Like to Be a Bird,David Allen Sibley,Reference,"Birds, Ornithology, Behavior","Sibley's illustrated answers to how birds actually live — how they fly, sing, sleep, migrate and see the world."
"What the Heart Knows: Chants, Charms & Blessings",Joyce Sidman (illustrated by Pamela Zagarenski),Children's Poetry,"Poetry, Emotions, Blessings","Poems in the form of charms, spells, blessings and laments, written to be spoken aloud when a heart needs mending or courage."
What We See in the Stars,Kelsey Oseid,Illustrated Nonfiction,"Astronomy, Constellations, Mythology",An illustrated tour of the night sky combining astronomy with the stories humans have told about it.
What's on Your Plate?,Whitney Stewart (illustrated by Christiane Engel),Children's Nonfiction Picture Book,"World Food, Cultures","A tour of everyday meals in fourteen countries, with recipes, food customs and notes on how families eat around the world."
What's the Point of Math?,DK,Children's Nonfiction,"Mathematics, Applications","An illustrated look at why math matters, tracing everyday and historical uses of numbers, geometry, probability and codes."
When Green Becomes Tomatoes: Poems for All Seasons,Julie Fogliano (illustrated by Julie Morstad),Children's Poetry,"Seasons, Nature, Poetry","Dated poems marking a year of small seasonal noticings, from first snow to the green turning red on the vine."
When on Earth?,DK,Children's Reference,"World History, Historical Maps","A world-history atlas mapping events from prehistory to the present, showing where and when civilizations, migrations, wars and inventions happened."
When We Were Very Young,A.A. Milne,Children's Poetry,"Childhood, Verse, Classic","Milne's first book of children's verses, including Buckingham Palace and Halfway Down. Vintage Dutton edition."
When You Are Brave,Pat Zietlow Miller (illustrated by Eliza Wheeler),Children's Picture Book,"Courage, Moving, Emotions",A girl facing a move to a new place learns to find the warm light of courage inside herself when everything around her feels frightening.
Where the Crawdads Sing,Delia Owens,Literary Fiction,"Marshland, Isolation, Mystery",Kya grows up alone in the North Carolina marsh and becomes a suspect when a local man turns up dead. A courtroom mystery braided with nature writing.
Where the Mountain Meets the Moon,Grace Lin,Children's Chapter Book / Fantasy,"Chinese Folklore, Quest, Fortune","Minli leaves her poor village to ask the Old Man of the Moon how to change her family's fortune, gathering folktales along the way. A Newbery Honor book."
Where's Waldo? The Totally Essential Travel Collection,Martin Handford,Children's Search-and-Find,"Search and Find, Travel",All seven classic Where's Waldo books bound into one travel-sized volume with an elastic closure.
Whisper from the Woods,Victoria Wirth (illustrated by A. Scott Banfield),Children's Picture Book,"Trees, Forests, Life Cycles","A quiet meditation on the life of a forest, told from the perspective of the trees as generations grow, fall and return to the soil."
Whistling Whales: Beyond the Sounds of ABC,Denise Eide,Children's Picture Book / Phonics,"Phonograms, Multi-letter Sounds",A follow-up to Doodling Dragons covering multi-letter phonograms — the sounds that go beyond the single-letter alphabet.
Wild Dark Shore,Charlotte McConaghy,Literary Fiction,"Islands, Climate, Family","A family keeping a remote sub-Antarctic seed vault takes in a woman who washes ashore, and the island's secrets begin to surface. Literary suspense from the author of Migrations."
Wild Magic,Danu Forest,Nonfiction / Folklore,"Celtic Tradition, Nature Magic, Seasons","A practical guide to Celtic nature traditions organized around the land, the seasons, and the natural world."
Wild Things: The Art of Nurturing Boys,Stephen James & David Thomas,Nonfiction / Parenting,"Boys, Child Development, Parenting","A stage-by-stage guide to raising boys, from explorer to individual, written by two counselors."
Wilder Girls,Rory Power,Young Adult Horror,"Quarantine, Island, Body Horror",A girls' boarding school on a Maine island has been under quarantine for eighteen months while a disease reshapes the students' bodies. Feminist body horror.
Wings of Fire #10: Darkness of Dragons,Tui T. Sutherland,Children's Chapter Book / Fantasy,"Dragons, Animus Magic, Sacrifice",Qibli faces Darkstalker with nothing but his own cleverness. Concludes the second arc.
Wings of Fire #11: The Lost Continent,Tui T. Sutherland,Children's Chapter Book / Fantasy,"Dragons, Pantala, New Tribes","Blue, a SilkWing, discovers his continent's tribes and their history are nothing like he was taught. Opens the third arc."
Wings of Fire #12: The Hive Queen,Tui T. Sutherland,Children's Chapter Book / Fantasy,"Dragons, HiveWings, Rebellion",Cricket questions everything about Queen Wasp and the hives she grew up in.
Wings of Fire #13: The Poison Jungle,Tui T. Sutherland,Children's Chapter Book / Fantasy,"Dragons, LeafWings, Plants",Sundew and the surviving LeafWings prepare to strike back at the HiveWings from the poison jungle.
Wings of Fire #14: The Dangerous Gift,Tui T. Sutherland,Children's Chapter Book / Fantasy,"Dragons, Leadership, Alliance","Snowfall, a new and reluctant IceWing queen, has to decide whether to help the continent or wall it out."
Wings of Fire #16: The Hybrid Prince,Tui T. Sutherland,Children's Chapter Book / Fantasy,"Dragons, Hybrids, Prophecy",The series continues in Pyrrhia with a prince of mixed tribes at the center. Book sixteen; hardcover.
Wings of Fire #1: The Dragonet Prophecy,Tui T. Sutherland,Children's Chapter Book / Fantasy,"Dragons, Prophecy, War","Five dragonets raised under a mountain are meant to end a war between the tribes, and they escape before anyone is ready. First of the series."
Wings of Fire #2: The Lost Heir,Tui T. Sutherland,Children's Chapter Book / Fantasy,"Dragons, SeaWings, Family","Tsunami returns to the SeaWing kingdom to meet the mother and tribe she never knew, and finds the palace is not safe."
Wings of Fire #3: The Hidden Kingdom,Tui T. Sutherland,Children's Chapter Book / Fantasy,"Dragons, RainWings, Missing Dragons","Glory leads the dragonets to the rainforest, where RainWings have been disappearing and nobody seems concerned."
Wings of Fire #4: The Dark Secret,Tui T. Sutherland,Children's Chapter Book / Fantasy,"Dragons, NightWings, Volcano",Starflight is taken to the NightWing home on a dying volcanic island and learns what his tribe has been planning.
Wings of Fire #5: The Brightest Night,Tui T. Sutherland,Children's Chapter Book / Fantasy,"Dragons, Peace, Choice","Sunny, always underestimated, sets out to end the war on her own terms. Concludes the first arc."
Wings of Fire #6: Moon Rising,Tui T. Sutherland,Children's Chapter Book / Fantasy,"Dragons, Mind Reading, School","Jade Mountain Academy opens with dragonets from every tribe, and Moonwatcher hides that she can read minds. Opens the second arc."
Wings of Fire #7: Winter Turning,Tui T. Sutherland,Children's Chapter Book / Fantasy,"Dragons, IceWings, Search","Winter leaves the academy to find his lost brother, dragging his classmates along."
Wings of Fire #8: Escaping Peril,Tui T. Sutherland,Children's Chapter Book / Fantasy,"Dragons, SkyWings, Redemption","Peril, who burns everything she touches, chases after Scarlet and tries to be something other than a weapon."
Wings of Fire #9: Talons of Power,Tui T. Sutherland,Children's Chapter Book / Fantasy,"Dragons, Animus Magic, Prophecy",Turtle's animus magic and his habit of hiding it come to a head as Darkstalker returns.
Wings of Fire Graphic Novel #2: The Lost Heir,Tui T. Sutherland (adapted and illustrated by Mike Holmes),Children's Graphic Novel,"Dragons, SeaWings, Comics Adaptation",Mike Holmes's full-color comics adaptation of the second Wings of Fire novel.
Wings of Fire Graphic Novel #6: Moon Rising,Tui T. Sutherland (adapted and illustrated by Mike Holmes),Children's Graphic Novel,"Dragons, Mind Reading, Comics Adaptation","Mike Holmes's full-color comics adaptation of Moon Rising, the sixth Wings of Fire novel."
Wings of Fire Legends: Darkstalker,Tui T. Sutherland,Children's Chapter Book / Fantasy,"Dragons, Animus Magic, Origins","The origin story of Darkstalker, Clearsight, and Fathom, thousands of years before the main series. A Legends standalone."
Wings of Fire Legends: Dragonslayer,Tui T. Sutherland,Children's Chapter Book / Fantasy,"Dragons, Humans, Scavengers","The same world seen from the human side, following three 'scavengers' whose lives cross the dragons' war. A Legends standalone."
Wings of Fire: Forge Your Dragon World,Tui T. Sutherland (adapted and illustrated by Mike Holmes),Children's Activity Book,"Dragons, Drawing, World Building","A create-your-own companion in which readers design tribes, dragons, and territories, with prompts and art from the graphic novels."
Wings of Fire: The Winglets Quartet,Tui T. Sutherland,Children's Anthology,"Dragons, Short Stories, Side Characters","The first four Winglets novellas collected in one volume, filling in backstory for characters from the main series."
Winnie-the-Pooh,A.A. Milne,Children's Chapter Book,"Hundred Acre Wood, Friendship, Classic","The first collection of Pooh stories, from the honey tree to the flood. Vintage E.P. Dutton edition."
Winter Tales,Dawn Casey (illustrated by Zanna Goldhawk),Children's Anthology,"Winter Folklore, Seasons","Folktales from cold places around the world — northern, alpine and arctic — gathered for the darkest season of the year."
"Winter: Poems, Songs and Stories",Wynstones Press,Children's Anthology / Waldorf Curriculum,"Winter, Seasonal Verse, Waldorf Festivals","Verses, songs, and stories for the winter season, including Advent and midwinter material. Part of the Wynstones seasonal series."
Women in Art: 50 Fearless Creatives Who Inspired the World,Rachel Ignotofsky,Children's Nonfiction / Biography,"Women Artists, Art History","Fifty illustrated profiles of women artists across history and media, with infographics on the art world they worked in."
"Women's Work: The First 20,000 Years",Elizabeth Wayland Barber,Nonfiction / History,"Textiles, Women's History, Archaeology","Barber reconstructs twenty thousand years of women's textile work from archaeological fragments, and argues for how central it was to early economies."
Word Mastery Primer,Hugh Renwick (Waldorf Publications),Teaching Guide / Phonics,"Phonics, Reading Instruction",A Waldorf Publications phonics primer offering a graded course of word lists and exercises for the early grades.
Words of Radiance,Brandon Sanderson,Fantasy,"Roshar, Knights Radiant, Betrayal",The Shattered Plains campaign comes to a head as the Everstorm gathers. Second of The Stormlight Archive.
Working with LMNOP and All the Letters: An A to Z Manual for Parents & Teachers,Howard Schrager,Teaching Guide / Waldorf Curriculum,"Alphabet, Literacy, Waldorf Pedagogy","The companion manual to LMNOP and All the Letters A to Z, giving parents and teachers stories and activities for each letter through poetry, music, movement, speech, drama and drawing."
Writer's Toolbox,Nancy Loewen,Children's Instructional,"Creative Writing, Craft","A series introducing young writers to the tools of storytelling — voice, setting, dialogue and description — with examples and prompts."
XOXO,Axie Oh,Young Adult Romance,"K-Pop, Korea, Music","A cellist meets a boy in Los Angeles and then finds him again at her new Seoul arts school, where he turns out to be a K-pop idol forbidden to date."
Yesteryear,Caro Claire Burke,Literary Fiction / Suspense,"Satire, Social Media, Motherhood","A tradwife influencer wakes on her Idaho ranch to find herself apparently living in 1855, with no modern comforts and no explanation. A darkly funny debut about performance and faith."
You Are a Lion! And Other Fun Yoga Poses,Taeeun Yoo,Children's Picture Book,"Yoga, Animals, Movement","Children transform into a lion, a butterfly, a dog and more, each simple yoga pose introduced with a rhyme and an invitation to try it."
You Are Stardust,Elin Kelsey (artwork by Soyeon Kim),Children's Nonfiction Picture Book,"Science, Nature Connection","A poetic reminder that the atoms in our bodies came from exploding stars and that we are made of and connected to the natural world, illustrated in dioramas."
You Belong Here,M.H. Clark (illustrated by Isabelle Arsenault),Children's Picture Book,"Belonging, Nature, Bedtime","A gentle catalogue of where each creature belongs — fish in water, birds in sky — ending with a child belonging right here."
Zen Ghosts,Jon J Muth,Children's Picture Book,"Zen Buddhism, Halloween, Storytelling",Stillwater the panda tells three children a haunting Halloween koan-story about a girl in two places at once.
Zen Ties,Jon J Muth,Children's Picture Book,"Kindness, Community, Zen Buddhism","Stillwater's nephew Koo visits, and the children are drawn into helping a sharp-tongued neighbor, discovering the ties that bind a community."
Zoey and Sassafras #1: Dragons and Marshmallows,Asia Citro (illustrated by Marion Lindsay),Children's Chapter Book / Science Fiction,"Science Method, Magical Creatures","Zoey and her cat Sassafras care for injured magical creatures using the scientific method, running real experiments to solve each problem."
Zoey and Sassafras #2: Monsters and Mold,Asia Citro (illustrated by Marion Lindsay),Children's Chapter Book / Science Fiction,"Science Method, Magical Creatures","Zoey and her cat Sassafras care for injured magical creatures using the scientific method, running real experiments to solve each problem."
Zoey and Sassafras #3: Merhorses and Bubbles,Asia Citro (illustrated by Marion Lindsay),Children's Chapter Book / Science Fiction,"Science Method, Magical Creatures","Zoey and her cat Sassafras care for injured magical creatures using the scientific method, running real experiments to solve each problem."
Zoey and Sassafras #4: Caterflies and Ice,Asia Citro (illustrated by Marion Lindsay),Children's Chapter Book / Science Fiction,"Science Method, Magical Creatures","Zoey and her cat Sassafras care for injured magical creatures using the scientific method, running real experiments to solve each problem."
Zoey and Sassafras #6: Unicorns and Germs,Asia Citro (illustrated by Marion Lindsay),Children's Chapter Book / Science Fiction,"Science Method, Magical Creatures","Zoey and her cat Sassafras care for injured magical creatures using the scientific method, running real experiments to solve each problem."
Zoey and Sassafras #7: Grumplets and Pests,Asia Citro (illustrated by Marion Lindsay),Children's Chapter Book / Science Fiction,"Science Method, Magical Creatures","Zoey and her cat Sassafras care for injured magical creatures using the scientific method, running real experiments to solve each problem."
Zoey and Sassafras #8: Bips and Roses,Asia Citro (illustrated by Marion Lindsay),Children's Chapter Book / Science Fiction,"Science Method, Magical Creatures","Zoey and her cat Sassafras care for injured magical creatures using the scientific method, running real experiments to solve each problem."
Zoey and Sassafras #9: Wishypoofs and Hiccups,Asia Citro (illustrated by Marion Lindsay),Children's Chapter Book / Science Fiction,"Science Method, Magical Creatures","Zoey and her cat Sassafras care for injured magical creatures using the scientific method, running real experiments to solve each problem."
Zoology: Inside the Secret World of Animals,DK / Smithsonian,Children's Reference,"Animals, Anatomy, Natural History","A large-format photographic reference on animal anatomy, senses, movement, and behavior, built around cutaway views and close-up detail. Barnes & Noble exclusive edition."
